Fuel Type,County,Antique,Antique Travel Trailer,Camper,Combination Farm,Combination Non Farm,Commercial,Commercial Motorcycle Trailer,Converter Gear,Farm,Farm Exempt,Federal,Federal Motorcycle Trailer,Fixed Load,For Hire,Government Exempt,House Dolly,Intermittent Trailer,Logging,Medium Electric Passenger,Medium Electric Truck,Mobile Home,Moped,Motorcycle,Motorhome,Neighborhood Electric Passenger,Neighborhood Electric Truck,Off Road Vehicle,Passenger Vehicle,Private School,Snowmobile,Snowmobile Exempt,Snowmobile Vintage,Stage,Taxi Cab,Tow Truck,Trailer,Travel Trailer,Truck,WATV,Total
Electricity Powered,01 ADAMS,0,0,0,0,1,0,0,0,0,0,0,0,0,0,0,0,0,0,0,0,0,0,0,0,0,0,0,5,0,0,0,0,0,0,0,0,0,2,0,8
Electricity Powered,02 ASOTIN,0,0,0,0,0,0,0,0,0,0,0,0,0,0,0,0,0,0,0,0,0,0,0,1,2,0,0,14,0,0,0,0,0,0,0,0,0,0,0,17
Electricity Powered,03 BENTON,0,0,0,0,0,1,0,0,0,0,0,0,0,0,1,0,0,0,0,9,0,0,1,0,5,0,0,273,0,0,0,0,0,0,0,0,0,20,0,310
Electricity Powered,04 CHELAN,0,0,0,0,0,1,0,0,0,0,0,0,0,0,0,0,0,0,1,5,0,0,1,0,13,1,0,133,0,0,0,0,0,0,0,0,0,2,0,157
Electricity Powered,05 CLALLAM,0,0,0,0,0,0,0,0,0,0,0,0,0,0,0,0,0,0,1,1,0,1,4,3,1,0,0,166,0,0,0,0,0,0,0,0,0,2,0,179
Electricity Powered,06 CLARK,0,0,0,0,0,2,0,0,0,0,0,0,0,0,1,0,0,0,2,13,0,0,13,2,14,0,0,1715,0,0,0,0,0,0,0,0,0,11,0,1773
Electricity Powered,07 COLUMBIA,0,0,0,0,0,0,0,0,0,0,0,0,0,0,0,0,0,0,0,0,0,0,0,0,0,0,0,5,0,0,0,0,0,0,0,0,0,0,0,5
Electricity Powered,08 COWLITZ,1,0,0,0,0,3,0,0,0,0,0,0,0,0,0,0,0,0,0,3,0,0,1,0,2,1,1,91,0,0,0,0,0,0,0,0,0,3,1,107
Electricity Powered,09 DOUGLAS,0,0,0,0,0,0,0,0,0,0,0,0,0,0,0,0,0,0,1,0,0,0,0,0,5,0,0,67,0,0,0,0,0,0,0,0,0,5,0,78
Electricity Powered,10 FERRY,0,0,0,0,0,0,0,0,0,0,0,0,0,0,0,0,0,0,0,0,0,0,0,0,0,0,0,4,0,0,0,0,0,0,0,0,0,0,0,4
Electricity Powered,11 FRANKLIN,1,0,0,0,0,0,0,0,0,0,0,0,0,0,0,0,0,0,1,4,0,0,0,2,1,0,0,65,0,0,0,0,0,0,0,0,0,11,0,85
Electricity Powered,12 GARFIELD,0,0,0,0,0,0,0,0,0,0,0,0,0,0,0,0,0,0,0,0,0,0,0,0,0,0,0,0,0,0,0,0,0,0,0,0,0,0,0,0
Electricity Powered,13 GRANT,0,0,0,0,0,1,0,0,0,0,0,0,0,0,0,0,0,0,1,7,0,1,0,0,14,2,0,38,0,0,0,0,0,0,0,0,0,5,0,69
Electricity Powered,14 GRAYS HARBOR,0,0,0,0,0,0,0,0,0,0,0,0,0,0,1,0,0,0,1,0,0,1,0,2,12,0,0,65,0,0,0,0,0,0,0,0,0,10,0,92
Electricity Powered,15 ISLAND,0,0,0,0,0,1,0,0,0,0,0,0,0,0,0,0,0,0,0,1,0,1,3,0,3,0,0,285,0,0,0,0,0,0,0,0,0,9,0,303
Electricity Powered,16 JEFFERSON,0,0,0,0,0,0,0,0,0,0,0,0,0,2,1,0,0,0,2,0,0,1,3,0,5,2,0,160,0,0,0,0,0,0,0,0,0,2,0,178
Electricity Powered,17 KING,0,0,0,0,0,55,0,0,0,0,0,0,0,6,110,0,0,2,22,43,0,19,104,6,73,23,0,25832,0,0,0,0,0,0,0,0,0,183,2,26480
Electricity Powered,18 KITSAP,0,0,0,0,0,11,0,0,0,0,0,0,0,0,1,0,0,0,0,6,0,4,11,0,7,0,0,1201,0,0,0,0,0,0,0,0,0,16,3,1260
Electricity Powered,19 KITTITAS,1,0,0,0,0,0,0,0,0,0,0,0,0,0,1,0,0,0,1,1,0,0,1,0,2,0,1,53,0,0,0,0,0,0,0,0,0,3,1,65
Electricity Powered,20 KLICKITAT,0,0,0,0,0,0,0,0,0,0,0,0,0,0,0,0,0,0,0,0,0,0,0,0,0,0,0,18,0,0,0,0,0,0,0,0,0,0,0,18
Electricity Powered,21 LEWIS,1,0,0,0,0,1,0,0,0,0,0,0,0,0,0,0,0,0,0,2,0,1,3,0,3,0,0,63,0,0,0,0,0,0,0,0,0,2,0,76
Electricity Powered,22 LINCOLN,0,0,0,0,0,0,0,0,0,0,0,0,0,0,0,0,0,0,0,1,0,0,0,0,0,0,0,3,0,0,0,0,0,0,0,0,0,0,0,4
Electricity Powered,23 MASON,0,0,0,0,0,0,0,0,0,0,0,0,0,0,0,0,0,0,0,2,0,4,1,0,1,0,0,92,0,0,0,0,0,0,0,0,0,5,1,106
Electricity Powered,24 OKANOGAN,0,0,0,0,0,0,0,0,0,0,0,0,0,0,0,0,0,0,0,1,0,0,2,0,4,0,0,21,0,0,0,0,0,0,0,0,0,2,0,30
Electricity Powered,25 PACIFIC,0,0,0,0,0,0,0,0,0,0,0,0,0,0,0,0,0,0,0,0,0,0,0,0,0,0,0,25,0,0,0,0,0,0,0,0,0,2,0,27
Electricity Powered,26 PEND OREILLE,0,0,0,0,0,0,0,0,0,0,0,0,0,0,0,0,0,0,0,0,0,0,0,0,0,0,0,6,0,0,0,0,0,0,0,0,0,0,0,6
Electricity Powered,27 PIERCE,0,0,0,0,0,8,0,0,0,0,0,0,0,1,2,0,0,0,5,38,0,0,15,5,8,3,2,2033,0,0,0,0,0,0,0,0,0,103,0,2223
Electricity Powered,28 SAN JUAN,0,0,0,0,0,0,0,0,0,0,0,0,0,0,0,0,0,0,2,2,0,0,4,0,15,0,0,186,0,0,0,0,0,0,0,0,0,1,1,211
Electricity Powered,29 SKAGIT,0,0,0,0,0,1,0,0,0,0,0,0,0,0,1,0,0,0,3,5,0,3,0,1,12,0,0,381,0,0,0,0,0,0,0,0,0,7,3,417
Electricity Powered,30 SKAMANIA,0,0,0,0,0,0,0,0,0,0,0,0,0,0,0,0,0,0,0,0,0,0,0,0,1,0,0,30,0,0,0,0,0,0,0,0,0,0,1,32
Electricity Powered,31 SNOHOMISH,1,0,0,0,0,12,0,0,0,0,0,0,0,0,8,0,0,0,5,19,0,3,60,8,22,10,3,5212,0,0,0,0,0,0,0,0,0,94,1,5458
Electricity Powered,32 SPOKANE,0,0,0,0,0,2,0,0,0,0,0,0,0,0,0,0,0,0,0,29,0,0,8,2,10,3,0,579,0,2,0,0,0,0,0,0,0,27,0,662
Electricity Powered,33 STEVENS,0,0,0,0,1,1,0,0,0,0,0,0,0,0,0,0,0,0,0,5,0,0,0,0,1,0,0,21,0,0,0,0,0,0,0,0,0,5,0,34
Electricity Powered,34 THURSTON,2,0,0,0,1,2,0,0,0,0,0,0,0,0,25,0,0,0,2,5,0,3,8,3,5,0,0,827,0,0,0,0,0,0,0,0,0,14,1,898
Electricity Powered,35 WAHKIAKUM,0,0,0,0,0,0,0,0,0,0,0,0,0,0,0,0,0,0,0,0,0,1,0,0,0,0,0,4,0,0,0,0,0,0,0,0,0,0,0,5
Electricity Powered,36 WALLA WALLA,0,0,0,0,0,0,0,0,0,0,0,0,0,1,2,0,0,0,1,1,0,0,0,0,0,0,0,50,0,0,0,0,0,0,0,0,0,0,0,55
Electricity Powered,37 WHATCOM,0,0,0,0,1,0,0,0,0,0,0,0,0,1,3,0,0,0,1,3,0,15,15,0,6,0,0,928,0,0,0,0,0,0,0,0,0,9,0,982
Electricity Powered,38 WHITMAN,0,0,0,0,0,0,0,0,0,0,0,0,0,0,2,0,0,0,0,0,0,1,0,0,2,0,0,39,0,0,0,0,0,0,0,0,0,2,0,46
Electricity Powered,39 YAKIMA,0,0,0,0,0,2,0,0,0,0,0,0,0,0,0,0,0,0,0,2,0,2,0,0,3,0,0,90,0,0,0,0,0,0,0,0,0,4,0,103
Electricity Powered,40 STATE,0,0,0,0,0,0,0,0,0,0,0,0,0,0,0,0,0,0,0,0,0,0,2,0,1,0,0,112,0,0,0,0,0,0,0,0,0,2,0,117
Gas Powered,01 ADAMS,55,0,0,1,3,398,0,0,241,42,0,0,1,0,28,0,0,0,0,0,0,11,348,130,0,0,153,14792,0,77,0,1,0,3,2,0,0,5035,302,21623
Gas Powered,02 ASOTIN,39,0,0,0,0,281,0,0,43,5,0,0,0,0,14,0,0,0,0,0,0,13,984,274,0,0,396,14546,0,138,0,2,0,0,0,0,0,5889,561,23185
Gas Powered,03 BENTON,853,0,0,4,4,4052,0,0,609,47,6,0,16,22,75,0,0,0,0,0,0,117,6523,1948,0,0,1358,140847,0,591,0,9,0,25,9,0,0,36504,2104,195723
Gas Powered,04 CHELAN,396,0,0,1,5,1477,0,0,173,19,0,0,4,35,56,0,0,0,0,0,0,83,4102,790,0,0,698,54342,0,1551,0,15,1,8,2,0,0,19042,1387,84187
Gas Powered,05 CLALLAM,399,0,0,0,5,1259,0,0,44,8,0,0,3,10,55,0,0,3,0,0,0,74,2771,1245,0,0,583,48239,0,38,0,0,1,3,6,0,0,18273,542,73561
Gas Powered,06 CLARK,1406,0,0,0,6,7907,0,0,93,31,3,0,9,113,172,0,0,0,0,0,0,417,13834,2707,0,0,1856,321760,2,976,0,7,0,19,7,0,0,71391,1878,424594
Gas Powered,07 COLUMBIA,29,0,0,1,0,77,0,0,97,7,0,0,2,0,3,0,0,0,0,0,0,6,252,66,0,0,141,2987,0,118,0,2,0,0,1,0,0,1457,154,5400
Gas Powered,08 COWLITZ,696,0,0,0,1,2044,0,0,61,18,1,0,2,15,64,0,0,1,0,0,0,87,4093,1121,0,0,690,72400,0,229,0,0,0,31,2,0,0,24406,736,106698
Gas Powered,09 DOUGLAS,177,0,0,1,4,707,0,0,155,25,0,0,3,12,37,0,0,0,0,0,0,9,1525,395,0,0,318,25205,0,485,0,3,0,0,0,0,0,9352,590,39003
Gas Powered,10 FERRY,24,0,0,0,0,74,0,0,20,24,0,0,0,0,3,0,0,0,0,0,0,2,192,88,0,0,71,2748,0,91,0,0,0,0,2,0,0,1990,288,5617
Gas Powered,11 FRANKLIN,287,0,0,5,9,2369,0,0,397,118,0,0,10,6,68,0,0,0,0,0,0,27,2575,662,0,0,683,61655,0,313,0,2,0,11,2,0,0,16685,1239,87123
Gas Powered,12 GARFIELD,9,0,0,1,0,27,0,0,95,14,0,0,1,0,2,0,0,0,0,0,0,0,57,31,0,0,166,1183,0,84,0,3,0,0,0,0,0,643,37,2353
Gas Powered,13 GRANT,387,0,0,16,12,1657,0,0,572,74,19,0,19,7,104,0,0,0,0,0,0,41,2667,883,0,0,773,55943,2,438,0,0,0,5,9,0,0,19833,2188,85649
Gas Powered,14 GRAYS HARBOR,286,0,0,0,3,1050,0,0,65,18,0,0,4,22,60,0,0,0,0,0,0,236,2201,820,0,0,672,43742,0,36,0,0,0,22,4,0,0,17335,300,66876
Gas Powered,15 ISLAND,401,0,0,0,5,1041,0,0,44,9,0,0,8,4,37,0,0,0,0,0,0,103,4192,975,0,0,414,59755,1,144,0,5,0,12,1,0,0,17638,416,85205
Gas Powered,16 JEFFERSON,207,0,0,0,1,373,0,0,16,25,0,0,2,4,25,0,0,0,0,0,0,51,1183,508,0,0,75,19959,0,16,0,0,0,1,1,0,0,6988,105,29540
Gas Powered,17 KING,4862,0,0,0,60,41431,0,0,117,17,47,0,34,1470,865,0,0,0,0,0,0,1874,47683,6329,0,0,6534,1385141,109,3929,0,26,7,192,59,0,0,173461,5092,1679339
Gas Powered,18 KITSAP,1357,0,0,0,6,3860,0,0,48,16,0,0,13,34,99,0,0,0,0,0,0,298,12391,2527,0,0,2004,202958,7,310,0,2,3,34,6,0,0,51654,1579,279206
Gas Powered,19 KITTITAS,356,0,0,1,6,1043,0,0,176,15,1,0,7,7,30,0,0,0,0,0,0,105,2505,539,0,0,858,26832,0,1868,2,15,0,15,10,0,0,10635,1605,46631
Gas Powered,20 KLICKITAT,92,0,0,1,0,281,0,0,102,20,0,0,1,1,22,0,0,0,0,0,0,7,766,206,0,0,174,10601,0,99,0,1,0,1,1,0,0,4855,105,17336
Gas Powered,21 LEWIS,660,0,0,1,3,1266,0,0,211,91,0,0,6,3,65,0,0,2,0,0,0,75,2925,914,0,0,739,48524,1,122,0,0,0,22,3,1,0,19573,835,76042
Gas Powered,22 LINCOLN,58,0,0,2,1,304,0,0,324,36,0,0,3,1,15,0,0,0,0,0,0,14,424,177,0,0,207,7191,0,142,0,2,0,0,1,0,0,3575,312,12789
Gas Powered,23 MASON,380,0,0,0,1,712,0,0,37,13,0,0,3,12,37,0,0,0,0,0,0,50,2539,887,0,0,765,38393,0,50,0,3,0,7,1,0,0,15219,325,59434
Gas Powered,24 OKANOGAN,204,0,0,3,2,619,0,0,318,8,0,0,11,4,44,0,0,0,0,0,0,24,1415,476,0,0,348,25474,0,878,0,10,0,16,2,0,0,13024,1374,44254
Gas Powered,25 PACIFIC,132,0,0,0,0,234,0,0,50,9,0,0,0,0,21,0,0,0,0,0,0,54,768,310,0,0,110,13786,0,3,0,0,0,1,4,0,0,5928,143,21553
Gas Powered,26 PEND OREILLE,65,0,0,0,0,245,0,0,33,2,0,0,2,0,23,0,0,0,0,0,0,4,526,201,0,0,182,7828,0,160,0,0,0,0,1,0,0,3911,647,13830
Gas Powered,27 PIERCE,3645,0,0,1,39,15532,0,0,133,34,2,0,26,341,334,0,0,0,0,0,0,818,26182,5334,0,0,4839,559504,23,1518,3,12,0,58,27,0,0,126125,3786,748316
Gas Powered,28 SAN JUAN,84,0,0,0,1,472,0,0,29,2,0,0,5,16,9,0,0,0,0,0,0,141,753,145,0,0,46,11191,0,12,0,0,0,5,3,0,0,4333,56,17303
Gas Powered,29 SKAGIT,781,0,0,3,11,3382,0,0,233,41,0,0,5,20,116,0,0,1,0,0,0,207,6711,1625,0,0,1337,98313,3,544,0,5,0,25,3,0,0,29197,1511,144074
Gas Powered,30 SKAMANIA,83,0,0,0,1,119,0,0,9,8,0,0,0,0,17,0,0,0,0,0,0,10,626,158,0,0,91,9144,0,74,0,0,0,1,2,0,0,3404,98,13845
Gas Powered,31 SNOHOMISH,3008,0,0,0,39,25358,0,0,155,42,1,0,83,264,462,0,0,0,0,0,0,508,28607,5917,0,0,4739,587626,42,2458,0,16,0,86,23,0,0,110870,5090,775394
Gas Powered,32 SPOKANE,1855,0,0,2,13,12234,0,0,473,58,14,0,14,78,183,0,0,0,0,0,0,172,17055,4445,0,0,4283,329163,24,1653,0,17,0,84,34,0,0,88350,7362,467566
Gas Powered,33 STEVENS,254,0,0,2,2,554,0,0,239,32,0,0,3,0,19,0,0,0,0,0,0,13,1649,649,0,0,539,24970,0,525,1,9,0,2,4,0,0,12536,2636,44638
Gas Powered,34 THURSTON,1338,0,0,2,11,3951,0,0,153,50,0,0,12,143,667,0,0,0,0,0,0,216,11212,2435,0,0,2275,200365,2,285,6,11,6,25,7,0,0,51246,1935,276353
Gas Powered,35 WAHKIAKUM,34,0,0,0,0,65,0,0,16,5,0,0,0,0,4,0,0,0,0,0,0,9,147,66,0,0,28,2581,0,3,0,0,0,0,0,0,0,1263,49,4270
Gas Powered,36 WALLA WALLA,230,0,0,2,1,875,0,0,151,24,0,0,10,21,24,0,0,0,0,0,0,185,1858,449,0,0,411,31528,1,152,0,2,0,1,2,0,0,10013,462,46402
Gas Powered,37 WHATCOM,980,0,0,0,5,5368,0,0,95,85,0,0,7,45,93,0,0,0,0,0,0,294,7396,2855,0,0,923,153017,1,490,0,1,7,19,5,0,0,36717,732,209135
Gas Powered,38 WHITMAN,136,0,0,6,1,413,0,0,534,44,0,0,0,1,41,0,0,0,0,0,0,47,1009,236,0,0,458,22584,0,137,1,0,0,11,3,0,0,7134,208,33004
Gas Powered,39 YAKIMA,1008,0,0,9,15,5747,0,0,758,204,1,0,11,94,122,0,0,0,0,0,0,128,5688,2156,0,0,1364,172190,8,1421,0,30,0,16,11,0,0,54450,3089,248520
Gas Powered,40 STATE,20,0,0,2,4,403,0,0,24,0,0,0,3,4,10,0,0,0,0,0,0,20,689,238,0,0,102,15313,0,34,0,0,0,0,1,0,0,3634,128,20629
non-Gas Powered,01 ADAMS,2,0,0,264,472,351,0,0,246,32,0,0,2,3,11,0,0,0,0,0,0,0,0,35,0,0,0,348,1,0,0,0,0,0,5,0,0,822,2,2596
non-Gas Powered,02 ASOTIN,0,0,0,26,30,215,0,0,59,2,0,0,2,0,1,0,0,0,0,0,0,0,0,67,0,0,0,579,0,0,0,0,0,0,1,0,0,1440,3,2425
non-Gas Powered,03 BENTON,9,0,0,162,299,2566,0,0,253,65,1,0,47,1,73,0,0,1,0,0,0,2,3,501,0,0,1,5952,0,0,0,0,0,2,29,0,0,8345,7,18319
non-Gas Powered,04 CHELAN,8,0,0,51,366,964,0,0,117,2,0,0,20,3,40,0,0,7,0,0,0,0,0,245,0,0,0,1711,2,3,0,0,0,0,11,0,0,3710,3,7263
non-Gas Powered,05 CLALLAM,9,0,0,3,297,894,0,0,19,1,0,0,22,7,24,0,0,119,0,0,0,0,1,366,0,0,0,2546,3,0,0,0,0,0,20,0,0,3626,3,7960
non-Gas Powered,06 CLARK,20,0,0,14,398,6009,0,0,76,18,1,0,64,38,167,0,0,12,0,0,0,1,12,1088,0,0,2,19367,7,0,0,0,0,2,34,0,0,15269,5,42604
non-Gas Powered,07 COLUMBIA,0,0,0,114,34,102,0,0,146,13,0,0,4,0,9,0,0,1,0,0,0,0,2,16,0,0,0,93,0,0,0,0,0,0,5,0,0,426,2,967
non-Gas Powered,08 COWLITZ,3,0,0,8,212,1466,0,0,33,2,0,0,29,3,49,0,0,82,0,0,0,0,3,349,0,0,2,2875,4,0,0,0,0,2,10,0,0,5559,9,10700
non-Gas Powered,09 DOUGLAS,9,0,0,80,214,546,0,0,98,4,0,0,13,0,24,0,0,0,0,0,0,0,0,104,0,0,1,751,1,0,0,0,0,0,3,0,0,1986,0,3834
non-Gas Powered,10 FERRY,0,0,0,2,45,60,0,0,8,2,0,0,2,0,4,0,0,2,0,0,0,0,0,22,0,0,1,99,0,0,0,0,0,0,1,0,0,558,0,806
non-Gas Powered,11 FRANKLIN,5,0,0,434,344,1789,0,0,602,77,0,0,55,1,49,0,0,0,0,0,0,0,2,184,0,0,4,1889,0,4,0,0,0,2,15,0,0,3459,3,8918
non-Gas Powered,12 GARFIELD,1,0,0,73,13,38,0,0,95,7,0,0,3,0,1,0,0,0,0,0,0,0,0,8,0,0,0,59,0,0,0,0,0,0,0,0,0,281,0,579
non-Gas Powered,13 GRANT,8,0,0,615,668,1467,0,0,568,83,0,0,64,9,63,0,0,0,0,0,0,0,0,250,0,0,1,1892,1,0,0,0,0,0,23,0,0,4280,9,10001
non-Gas Powered,14 GRAYS HARBOR,2,0,0,6,437,727,0,0,33,5,0,0,13,0,31,0,0,139,0,0,0,2,4,197,0,0,2,1803,0,0,0,0,1,0,13,0,0,2491,4,5910
non-Gas Powered,15 ISLAND,6,0,0,7,188,789,0,0,36,0,0,0,20,3,31,0,0,3,0,0,0,0,4,365,0,0,0,3070,0,0,0,0,0,1,4,0,0,3487,0,8014
non-Gas Powered,16 JEFFERSON,11,0,0,0,59,300,0,0,12,5,0,0,5,0,12,0,0,1,0,0,0,0,1,204,0,0,0,1434,0,0,0,0,0,0,5,0,0,1120,0,3169
non-Gas Powered,17 KING,99,0,0,15,5479,24428,0,0,62,9,6,0,247,712,744,0,0,21,0,0,0,3,56,2032,0,0,6,87468,124,5,0,0,4,858,272,0,0,22126,12,144788
non-Gas Powered,18 KITSAP,15,0,0,4,342,2514,0,0,29,4,0,0,37,38,72,0,0,13,0,0,0,2,5,740,0,0,2,12657,3,0,0,0,0,6,28,0,0,8948,9,25468
non-Gas Powered,19 KITTITAS,7,0,0,42,407,950,0,0,81,9,0,0,24,1,19,0,0,11,0,0,0,0,2,174,0,0,1,1076,0,2,0,0,0,0,27,0,0,3208,8,6049
non-Gas Powered,20 KLICKITAT,6,0,0,26,91,309,0,0,105,11,0,0,8,0,16,0,0,20,0,0,0,0,1,68,0,0,1,549,0,3,0,0,0,0,0,0,0,1539,2,2755
non-Gas Powered,21 LEWIS,13,0,0,27,381,1021,0,0,108,48,0,0,32,1,50,0,0,121,0,0,0,0,5,213,0,0,4,2038,0,0,0,0,0,1,14,0,0,4335,6,8418
non-Gas Powered,22 LINCOLN,2,0,0,178,97,341,0,0,291,14,0,0,5,0,15,0,0,0,0,0,0,0,1,43,0,0,2,257,1,0,0,0,0,0,2,0,0,1181,4,2434
non-Gas Powered,23 MASON,6,0,0,9,171,656,0,0,27,5,0,0,10,4,44,0,0,16,0,0,0,1,1,254,0,0,3,1659,0,0,0,0,0,0,8,0,0,2575,2,5451
non-Gas Powered,24 OKANOGAN,5,0,0,81,248,659,0,0,284,5,0,0,10,1,18,0,0,37,0,0,0,0,1,93,0,0,1,829,0,1,0,0,0,1,23,0,0,3268,4,5569
non-Gas Powered,25 PACIFIC,4,0,0,2,42,236,0,0,27,2,0,0,0,0,8,0,0,22,0,0,0,1,1,84,0,0,1,704,0,0,0,0,0,0,4,0,0,1065,5,2208
non-Gas Powered,26 PEND OREILLE,1,0,0,3,35,207,0,0,24,3,0,0,7,0,8,0,0,16,0,0,0,0,0,68,0,0,0,281,0,0,0,0,0,0,4,0,0,964,4,1625
non-Gas Powered,27 PIERCE,59,0,0,23,3240,11369,0,0,88,19,2,0,166,193,465,0,0,54,0,0,0,2,21,1531,0,0,4,26394,24,6,0,0,5,25,126,0,0,22670,15,66501
non-Gas Powered,28 SAN JUAN,1,0,0,0,78,329,0,0,16,1,0,0,13,7,0,0,0,1,0,0,0,0,0,74,0,0,0,603,0,0,0,0,0,1,3,0,0,578,0,1705
non-Gas Powered,29 SKAGIT,11,0,0,41,463,2112,0,0,254,37,0,0,29,2,60,0,0,49,0,0,0,0,6,558,0,0,4,4173,5,2,0,0,0,1,19,0,0,5873,6,13705
non-Gas Powered,30 SKAMANIA,1,0,0,1,33,162,0,0,14,4,0,0,1,0,9,0,0,13,0,0,0,0,0,65,0,0,0,501,0,0,0,0,0,0,0,0,0,824,2,1630
non-Gas Powered,31 SNOHOMISH,42,0,0,30,2289,13775,0,0,124,25,0,0,208,84,406,0,0,31,0,0,0,0,14,1883,0,0,5,27381,12,4,0,0,0,33,124,0,0,20387,21,66878
non-Gas Powered,32 SPOKANE,13,0,0,121,886,6787,0,0,254,21,10,0,117,50,160,0,0,11,0,0,0,0,10,1026,0,0,9,13463,26,7,0,0,0,17,64,0,0,16545,35,39632
non-Gas Powered,33 STEVENS,1,0,0,21,184,573,0,0,135,15,0,0,14,2,19,0,0,116,0,0,0,0,2,163,0,0,1,929,0,0,0,0,0,0,10,0,0,3343,12,5540
non-Gas Powered,34 THURSTON,20,0,0,48,530,2593,0,0,139,30,0,0,49,34,512,0,0,54,0,0,0,0,13,660,0,0,5,11363,0,0,0,0,9,3,31,0,0,8426,19,24538
non-Gas Powered,35 WAHKIAKUM,2,0,0,0,25,68,0,0,15,1,0,0,0,0,2,0,0,7,0,0,0,0,0,26,0,0,0,138,0,0,0,0,0,0,0,0,0,306,0,590
non-Gas Powered,36 WALLA WALLA,3,0,0,94,56,546,0,0,169,21,0,0,26,8,24,0,0,1,0,0,0,0,1,108,0,0,1,1350,4,0,0,0,0,0,3,0,0,1910,5,4330
non-Gas Powered,37 WHATCOM,25,0,0,39,681,2877,0,0,131,75,0,0,45,6,58,0,0,18,0,0,0,0,1,639,0,0,2,8815,19,0,0,0,11,1,27,0,0,6906,3,20379
non-Gas Powered,38 WHITMAN,5,0,0,468,111,397,0,0,526,35,0,0,3,0,23,0,0,0,0,0,0,0,2,71,0,0,4,1150,0,2,0,0,0,5,7,0,0,1776,5,4590
non-Gas Powered,39 YAKIMA,21,0,0,626,1511,2996,0,0,459,111,0,0,52,65,72,0,0,14,0,0,0,0,4,424,0,0,3,5031,9,2,0,0,0,0,43,0,0,8107,11,19561
non-Gas Powered,40 STATE,0,0,0,8,14,183,0,0,17,0,0,0,3,1,0,0,0,0,0,0,0,1,3,90,0,0,0,1272,0,0,0,0,0,0,4,0,0,645,0,2241
None,01 ADAMS,0,0,45,0,228,336,0,0,0,4,0,0,0,0,3,0,4,0,0,0,0,0,0,0,0,0,0,0,0,0,0,0,0,0,0,2295,449,0,0,3364
None,02 ASOTIN,0,1,123,0,10,156,1,0,0,4,0,0,0,0,2,0,3,1,0,0,1,0,0,0,0,0,0,2,0,0,0,0,0,0,0,3239,1210,0,0,4753
None,03 BENTON,0,9,838,0,157,2701,0,0,0,12,2,0,0,0,24,1,53,0,0,0,2,0,15,0,0,0,0,10,0,0,0,0,0,0,0,20128,7452,0,0,31404
None,04 CHELAN,0,5,459,0,31,1330,0,0,0,4,8,0,0,0,19,0,24,15,0,0,0,0,24,0,0,0,0,0,0,0,0,0,0,0,0,11263,2757,1,0,15940
None,05 CLALLAM,1,0,341,0,57,906,1,0,0,1,7,0,0,0,10,0,27,205,0,0,4,0,2,0,0,0,0,2,0,0,0,0,0,0,0,10909,3130,0,0,15603
None,06 CLARK,0,6,894,0,2229,4188,0,0,0,14,2,0,0,0,29,1,128,55,0,0,5,0,34,0,0,0,1,27,0,0,0,0,0,0,0,32170,10807,9,0,50599
None,07 COLUMBIA,0,0,37,0,17,142,0,0,0,3,0,0,0,0,1,0,22,1,0,0,0,0,0,0,0,0,0,0,0,0,0,0,0,0,0,1125,298,0,0,1646
None,08 COWLITZ,0,2,428,0,93,1516,0,0,0,1,0,0,0,0,24,1,50,242,0,0,2,0,6,0,0,0,0,7,0,0,0,0,0,0,0,13473,4134,1,0,19980
None,09 DOUGLAS,0,2,204,0,55,699,0,0,0,0,0,0,0,0,8,0,5,1,0,0,0,0,7,0,0,0,0,1,0,0,0,0,0,0,0,5246,1434,0,0,7662
None,10 FERRY,0,0,73,0,2,74,0,0,0,1,0,0,0,0,0,0,5,6,0,0,0,0,0,0,0,0,0,0,0,0,0,0,0,0,0,1469,288,0,0,1918
None,11 FRANKLIN,0,4,274,0,365,1611,0,0,0,11,1,0,0,0,11,0,17,1,0,0,0,0,3,0,0,0,0,5,0,0,0,0,0,0,0,8116,3658,2,0,14079
None,12 GARFIELD,0,1,14,0,10,32,0,0,0,2,0,0,0,0,1,0,0,0,0,0,0,0,0,0,0,0,0,0,0,0,0,0,0,0,0,629,205,0,0,894
None,13 GRANT,0,2,385,0,342,1643,0,0,0,21,0,0,0,0,27,0,17,2,0,0,0,0,16,0,0,0,0,5,0,0,0,0,0,0,0,12661,2953,0,0,18074
None,14 GRAYS HARBOR,0,0,258,0,52,715,0,0,0,5,0,0,0,0,14,0,21,203,0,0,1,0,0,0,0,0,0,0,0,0,0,0,0,0,0,8604,2137,2,0,12012
None,15 ISLAND,0,3,371,0,28,972,0,0,0,4,0,0,0,0,8,1,31,5,0,0,0,0,1,0,0,0,0,1,0,0,0,0,0,0,0,11804,2689,1,0,15919
None,16 JEFFERSON,0,1,198,0,6,281,0,0,0,4,0,0,0,0,6,0,20,4,0,0,1,0,0,0,0,0,0,2,0,0,0,0,0,0,0,4311,1200,0,0,6034
None,17 KING,2,41,2531,0,1450,12282,0,0,0,8,13,2,0,0,145,0,411,37,0,0,10,0,78,0,0,0,0,47,0,0,0,0,0,0,0,71401,19051,13,0,107522
None,18 KITSAP,0,12,840,0,44,1836,0,0,0,2,2,0,0,0,31,0,59,28,0,0,1,0,22,0,0,0,1,9,0,0,0,0,0,0,0,23924,6887,3,0,33701
None,19 KITTITAS,0,12,396,0,99,1164,1,0,0,5,0,0,0,0,12,0,26,36,0,0,0,0,35,0,0,0,0,1,0,0,0,0,0,0,0,8416,2062,0,0,12265
None,20 KLICKITAT,0,0,111,0,17,315,0,0,0,2,0,0,0,0,2,0,12,49,0,0,0,0,0,0,0,0,0,2,0,0,0,0,0,0,0,3186,921,1,0,4618
None,21 LEWIS,0,4,354,0,130,1542,1,0,0,10,0,0,0,0,25,0,40,225,0,0,0,0,6,0,0,0,0,7,0,0,0,0,0,0,0,13839,3332,3,0,19518
None,22 LINCOLN,0,0,118,0,24,393,0,0,0,3,0,0,0,0,6,0,11,2,0,0,0,0,0,0,0,0,0,1,0,0,0,0,0,0,0,3544,642,0,0,4744
None,23 MASON,0,7,276,0,16,707,0,0,0,3,0,0,0,0,17,0,47,37,0,0,0,0,12,0,0,0,0,3,0,0,0,0,0,0,0,9964,2203,1,0,13293
None,24 OKANOGAN,0,6,341,0,46,598,0,0,0,0,0,0,0,0,7,0,19,66,0,0,0,0,1,0,0,0,0,2,0,0,0,0,0,0,0,7864,1942,0,0,10892
None,25 PACIFIC,0,1,78,0,0,202,0,0,0,1,0,0,0,0,7,0,6,33,0,0,3,0,5,0,0,0,0,0,0,0,0,0,0,0,0,2898,829,2,0,4065
None,26 PEND OREILLE,0,0,105,0,6,177,0,0,0,0,0,0,0,0,8,0,6,26,0,0,0,0,0,0,0,0,0,0,0,0,0,0,0,0,0,3076,629,0,0,4033
None,27 PIERCE,0,18,2368,0,1482,8523,4,0,0,12,6,0,0,0,46,0,260,106,0,0,10,0,40,0,0,0,0,25,0,0,0,0,0,0,0,55006,18763,6,0,86675
None,28 SAN JUAN,0,0,59,0,6,269,0,0,0,2,0,0,0,0,3,0,6,4,0,0,2,0,0,0,0,0,0,0,0,0,0,0,0,0,0,2020,240,0,0,2611
None,29 SKAGIT,0,8,616,0,96,1994,0,0,0,7,0,0,0,0,30,0,45,79,0,0,0,0,2,0,0,0,0,5,0,0,0,0,0,0,0,16193,5115,1,0,24191
None,30 SKAMANIA,0,4,69,0,7,144,0,0,0,1,0,0,0,0,3,0,6,29,0,0,0,0,2,0,0,0,0,2,0,0,0,0,0,0,0,1627,489,0,0,2383
None,31 SNOHOMISH,0,17,2257,0,357,9994,1,0,0,6,1,0,0,0,72,0,256,76,0,0,5,0,34,0,0,0,0,14,0,0,0,0,0,0,0,53080,16794,5,0,82969
None,32 SPOKANE,0,12,1848,0,938,7565,0,0,0,19,9,0,0,0,38,0,244,35,0,0,1,0,26,0,0,0,0,27,0,0,0,0,0,0,0,53535,15848,7,1,80153
None,33 STEVENS,0,1,335,0,44,599,1,0,0,5,1,0,0,0,4,0,35,167,0,0,0,0,1,0,0,0,0,0,0,0,0,0,0,0,0,10475,2026,0,0,13694
None,34 THURSTON,0,14,807,0,258,10534,486,0,0,29,0,0,0,0,225,0,106,96,0,0,3,0,13,0,0,0,0,10,0,0,0,0,0,0,0,31907,7185,2,0,51675
None,35 WAHKIAKUM,0,0,26,0,3,66,0,0,0,0,0,0,0,0,0,0,4,13,0,0,0,0,0,0,0,0,0,1,0,0,0,0,0,0,0,965,157,0,0,1235
None,36 WALLA WALLA,0,1,192,0,111,1057,0,0,0,8,0,0,0,0,7,0,24,2,0,0,0,0,2,0,0,0,0,3,0,0,0,0,0,0,0,5331,1418,2,0,8158
None,37 WHATCOM,0,8,758,0,553,3944,0,0,0,19,5,0,0,0,21,0,31,58,0,0,1,0,25,0,0,0,0,3,0,0,0,0,0,0,0,19329,5363,2,0,30120
None,38 WHITMAN,0,0,123,0,175,663,0,0,0,2,0,0,0,0,12,0,19,1,0,0,0,0,2,0,0,0,0,0,0,0,0,0,0,0,0,4132,1102,0,0,6231
None,39 YAKIMA,0,8,984,0,678,3034,0,0,0,28,2,0,0,0,18,0,37,25,0,0,1,0,10,0,0,0,0,9,0,0,0,0,0,0,0,21273,6123,3,0,32233
None,40 STATE,0,0,63,0,0,344,1,0,0,0,2,0,0,0,0,0,31,5,0,0,0,0,0,0,0,0,0,2,0,0,0,0,0,0,0,2037,622,0,0,3107
,,27738,210,20597,3833,31976,328984,497,0,12923,2426,176,2,1814,4097,8603,4,2168,2998,52,208,53,6626,229889,67040,253,45,42485,5219996,472,22235,13,211,55,1722,1283,572465,164544,1318562,52242,8149497
