attributes.ExitNumber,geometry.x,geometry.y
1 A,-122.67289510988658,45.6217068871334
1 C,-122.6671873195742,45.627693986717325
2,-122.66170209636194,45.64462647537196
3,-122.66328588817734,45.65427776692005
4,-122.66459709933368,45.67156705568538
5,-122.66385789606025,45.687682584546955
7 A,-122.65287710107106,45.71263847516081
7 B,-122.65454942746192,45.71730024172571
9,-122.66100567206165,45.745596865511644
11,-122.66644606162782,45.763170259988264
14,-122.68133336358035,45.80636153627611
16,-122.69819105993734,45.842609180719315
21,-122.74054718151196,45.90250118254067
22,-122.75344941612856,45.92364517261958
27,-122.82094794819024,45.97652150850597
30,-122.84399804519657,46.00364861006022
32,-122.85757164560228,46.037467729337074
36 AB,-122.87349977612492,46.09711925470125
39,-122.89760726073207,46.14045396749688
40,-122.90129404271535,46.153556146945064
42,-122.89926683812668,46.18029189745197
46,-122.88789736152418,46.22902485487296
48,-122.88449651854461,46.25619695308582
49,-122.90024650554615,46.280731519147025
52,-122.91445621741462,46.32021652974205
57,-122.90313622657317,46.38539074118941
59,-122.89037780406623,46.41568453495116
60,-122.88898791176287,46.43591673630606
63,-122.88398915356255,46.4708944372009
68,-122.87651303982611,46.54278545867617
71,-122.88398752036134,46.57912800057142
72,-122.90449436302238,46.60213026916435
74,-122.92779316108066,46.622196574629626
76,-122.95373829982097,46.643379672540846
77,-122.9768718108397,46.656330602030586
79,-122.97849098881207,46.672381097487914
81,-122.97136555850027,46.6994002283554
82,-122.9761197664125,46.71761339863903
88,-123.0095031858246,46.79835971253209
95,-122.96231367338864,46.89165038517023
99,-122.93898952430159,46.94749519069977
101,-122.9303556413304,46.97613384147028
102,-122.91397649919924,46.99669908389953
103,-122.9070799559678,47.008528213116854
104,-122.90586851489569,47.0171168729417
105,-122.89385369951728,47.029852210721266
107,-122.85938188386743,47.04035337478236
108,-122.84329811931373,47.04458239749142
109,-122.82218839584448,47.04698695063531
111,-122.787872723215,47.05973139692843
114,-122.72537403724078,47.06792969010899
116,-122.67593709583328,47.081277317873386
119,-122.63056341172143,47.091197464065516
122A,-122.56257990508838,47.115318297370116
122B,-122.54788269331851,47.123829750171126
124,-122.53059949920728,47.13414006450776
126,-122.50871717664555,47.144773798297265
128,-122.46650317916729,47.176321938860106
129,-122.46305904066759,47.18747229489734
132,-122.46265026934256,47.215241323108465
134,-122.41641503819919,47.23845804911509
135,-122.4109751154393,47.239024756562046
136 A,-122.38976933100083,47.24143506824757
137,-122.36320907482612,47.240589668519526
142 A,-122.30819143746794,47.28425479858251
143,-122.29868270735598,47.3116110572059
147,-122.29581942433504,47.353032929860134
149 A,-122.28999097851712,47.38594047308788
151,-122.28962266473432,47.41627061668575
152,-122.27470942259116,47.428712485110346
153,-122.26475208112275,47.452013131933704
154 B,-122.26350662892521,47.45642518629497
156,-122.27102397071616,47.477579959242256
161,-122.30388743492024,47.542185518781075
163,-122.32062576220983,47.566044279198195
164 B,-122.32075605361042,47.58994744219996
165,-122.32682473689522,47.603753183027074
166,-122.33007947651849,47.613159017985645
167,-122.32827196366014,47.61896399347953
168 A,-122.32400536889244,47.632426367903484
168 B,-122.32262857147533,47.63862000975832
,-122.32247258944825,47.65539327703571
169,-122.32234218170225,47.656009406225564
170,-122.32171991571414,47.67003510319774
,-122.3206620247515,47.67690650975061
171,-122.32042764504118,47.67715365201448
172,-122.32446761279458,47.68557519164183
,-122.32934454999767,47.69575364867425
173,-122.32938784651138,47.70251950100455
174,-122.3242862881512,47.71852191044897
175,-122.32416545888204,47.72961581946279
,-122.32977265330777,47.74369593776342
176,-122.32964723397896,47.75102330203837
178,-122.31705236058006,47.78026552548152
179,-122.31547847784753,47.79509144297376
181 A,-122.30059062703243,47.80929412606903
181 B,-122.28495282388425,47.81762982842205
182,-122.2701075702252,47.82555032309386
183,-122.25893433033548,47.84328737889305
186,-122.2369577594552,47.87906973952897
,-122.21716610744906,47.89414465754583
189,-122.21250029666786,47.901577161088056
192,-122.1991347314113,47.95197577722611
193,-122.19199094840819,47.97267390087272
194,-122.1905599083665,47.976031248817044
195,-122.18295964097568,47.987563287905026
199,-122.18365935461658,48.0487266533734
200,-122.18476882232542,48.06813795414915
202,-122.18472778756785,48.09599777626244
206,-122.18691234269131,48.14228689476664
208,-122.19943942183527,48.18423234624214
210,-122.21434826371039,48.2063281505483
212,-122.23743723364282,48.235270875886684
215,-122.26491770774841,48.2647143138726
218,-122.31242531644175,48.30528937591757
221,-122.33449391265678,48.33735478391349
224,-122.33531391827655,48.37775323663279
225,-122.33046050474867,48.39539899585591
226,-122.33149406533101,48.41359640592968
227,-122.34105529167964,48.43131101356753
229,-122.34114314648517,48.44697675216702
230,-122.34141512814152,48.46000718910657
231,-122.34160410328943,48.480684650606634
232,-122.3367714712797,48.50344819994331
236,-122.3502009691451,48.55316477683225
240,-122.3545679756074,48.617470432644204
242,-122.36379453836054,48.64386941368752
246,-122.39962930647773,48.68816023777702
250,-122.47540019148272,48.711446099963005
252,-122.47370832894043,48.72535179843019
253,-122.46594124523367,48.7452152556464
254,-122.46221228974393,48.75368676169345
255,-122.46222831588861,48.76816105727684
256 AB,-122.47245202410781,48.7795714639017
257,-122.49782008644894,48.78358773343454
258,-122.51086123909911,48.786701213820315
260,-122.54468476760859,48.8138630642213
263,-122.58412135658027,48.85526804538507
266,-122.59184520418995,48.889032620617854
270,-122.65623963147185,48.93285520012401
274,-122.72019255338388,48.972556366341195
275,-122.73284236775109,48.9841695596124
276,-122.74830341545542,48.99565753056868
1 B,-122.6716912752292,45.622917793992706
118,-122.64839839195822,47.08700485041677
136 B,-122.38651083227957,47.2411858429142
142 B,-122.30709900117482,47.28746051447698
262,-122.57368759800171,48.84483145058327
1 A,-122.66743914828278,45.62769645229767
1 C,-122.66255413288098,45.63588698823333
1 D,-122.6620036599619,45.64214592456187
3,-122.66716625430863,45.66342047130778
4,-122.66471310056401,45.68444392457155
5,-122.6586363531803,45.69831975024817
7,-122.65689887609486,45.731284716850844
9,-122.66379310545706,45.75357440345884
11,-122.67496405040617,45.78840561937244
14,-122.68883771614342,45.82153874296269
16,-122.70471929232342,45.855729217598174
21,-122.74996127061057,45.917606720346164
22,-122.76149486820009,45.93180041253094
27,-122.82838731570918,45.983691295813614
30,-122.85251924986824,46.02327150174597
32,-122.8605646097978,46.04503509431407
36 AB,-122.88370374686129,46.11342796177202
39,-122.89986092606964,46.14888509864364
40,-122.90312266576163,46.16064760824412
42,-122.89624039953736,46.188831979281865
46,-122.88692396014044,46.23886962427351
48,-122.89130761398157,46.26510302924204
49,-122.90589634642924,46.289719292016606
52,-122.91069123394117,46.326987146961095
57,-122.90067848274298,46.39535732663519
59,-122.89119460558408,46.42113156546265
60,-122.88800434281518,46.443974996276616
63,-122.88159920999459,46.4803461079906
68,-122.8767503642181,46.55317711177727
71,-122.89284533095444,46.58802274495899
72,-122.91003781550211,46.60895912605551
74,-122.93874102817259,46.6310142177568
76,-122.96324149535167,46.64789283697084
77,-122.97946110551469,46.664581767664096
79,-122.97206726319175,46.67984491386635
88,-123.00353448237588,46.80883908709067
99,-122.93638685442941,46.95700583513105
101,-122.92362428683842,46.98493156830892
102,-122.91037501397092,47.00323485798651
103,-122.90596999076942,47.021822519968765
104,-122.90214403226298,47.02414699560174
105 AB,-122.87542849207524,47.036797172902936
107,-122.84679170715748,47.04343275099775
109,-122.81598594929872,47.05088860849876
111,-122.75903178137534,47.06437414817185
114,-122.71058163763028,47.069376345742405
116,-122.65901755025162,47.084572679946675
118,-122.63619931054306,47.08993140673725
119,-122.61787429391721,47.094926771876196
122B,-122.5405499183461,47.12862832889513
123AB,-122.53638506399005,47.130954991187046
124,-122.52065187728218,47.139471569179804
126,-122.49984941776448,47.14983554852673
127,-122.4728734207972,47.1701120279748
129,-122.46238857231967,47.196571630585424
132 B,-122.45008462037359,47.2303467647952
133,-122.42452103243686,47.235876454223934
135,-122.40154986237205,47.24047464040826
136,-122.37963709612637,47.240947820249865
137,-122.35138697835669,47.24112161797412
142 B,-122.30538211283914,47.294063618905525
143,-122.29460036894953,47.32456264050989
147,-122.29552546633495,47.362835822671464
149,-122.29249346094602,47.400954472351756
151,-122.2828775650318,47.42383622134983
152,-122.26942934965619,47.43808184382022
154 A,-122.2671282118421,47.46544051536776
154 B,-122.26895427411695,47.47159073817707
156,-122.26778274390989,47.48610612748383
157,-122.27826597853415,47.50352184849387
158,-122.28420418160766,47.510987998255395
161,-122.31708875062326,47.551648566767135
162,-122.32205410324325,47.56143527422307
163 A,-122.31955739225364,47.57778489575913
163 B,-122.31930234853502,47.57935594813123
165 A,-122.33115275542697,47.61145709486255
165 B,-122.3306233430013,47.61273121515206
166,-122.32871424721579,47.62324897772347
167,-122.32646670641581,47.6305160406832
,-122.32619345871734,47.630409111534846
168 A,-122.32295460655429,47.64619336400552
168 B,-122.3229034029989,47.64665483348146
169,-122.3222683782804,47.670893108472896
171,-122.32262784386943,47.68361747941463
172,-122.32949150476898,47.69410325659088
175,-122.32685535941553,47.737291293381524
,-122.32952777249369,47.75000707396019
176,-122.32707361319619,47.75908930638156
177,-122.31661640073474,47.78713319005331
179,-122.31312585007419,47.80256018389535
,-122.2884728712702,47.81621732705899
182,-122.26033302731854,47.83985964788214
183,-122.25557508260141,47.853743931038366
186,-122.23045973855277,47.88475086369818
,-122.21294643707918,47.90460694338227
192,-122.19784733819644,47.96842243150074
194,-122.18325554137648,47.98625613489743
198,-122.18170740816348,48.044781379978595
199,-122.18472773229571,48.05572965435453
200,-122.18497073166873,48.07994697587442
202,-122.18505338571246,48.10388933383797
206,-122.18987315292121,48.15747910291107
208,-122.20610294694029,48.191289708979454
210,-122.21812829315789,48.213649005866316
212,-122.24461440832047,48.24210770022446
215,-122.27280442482704,48.27084712809636
218,-122.32064734178496,48.310891438065966
221,-122.33627338302679,48.345335215796446
225,-122.33093695529237,48.403724086583175
226,-122.33493559384749,48.42087274410633
227,-122.34116828096428,48.44006184695618
229,-122.3415748713679,48.45580301652826
230,-122.34231759596193,48.47293861051988
232,-122.3413272710026,48.51080785640617
236,-122.3489219226079,48.560665249994145
240,-122.35723825087878,48.62510952432116
242,-122.36725813871698,48.65135081700032
246,-122.39880313657784,48.687696926839266
250,-122.47389041047575,48.71735012103476
252,-122.467576780131,48.73553546080406
253,-122.46441604864434,48.74883401297748
254,-122.46179180560947,48.756623605574475
255,-122.46676450535962,48.77444918381137
256,-122.49274135709162,48.783182502085346
257,-122.50596683015515,48.78491115669286
258,-122.52254017260746,48.79146872363237
260,-122.55228609748615,48.821140316236836
262,-122.57935608006203,48.85029471706874
263,-122.5883086927825,48.86319449527152
266,-122.60242677431202,48.89509968958623
270,-122.66730728746191,48.93815281726028
276,-122.75456181959672,48.999305979102324
2,-122.66276282454797,45.652469675965754
95,-122.96038196424718,46.89842753524568
108,-122.8322177716682,47.0461059896237
142 A,-122.30618913967794,47.29168600487731
231,-122.33616987921184,48.48669527779491
3,-120.50266984128073,46.93112395878474
11,-120.38296235961778,46.84594441940889
26,-120.47597880609278,46.6810836669983
29,-120.49893568074177,46.649277051842105
30,-120.52289291209857,46.6348172922624
31,-120.51520382833526,46.62955675106425
33 A,-120.49185818004842,46.61458465387195
33 B,-120.48800374293346,46.60753140181461
34,-120.47480237786617,46.58969951931228
36,-120.47218868218444,46.56849884703133
37,-120.4707811040136,46.54536191391942
40,-120.45580975110776,46.51635814090751
44,-120.40041878021503,46.47427794967512
50,-120.32061509541973,46.41702643449238
52,-120.28425245115763,46.40566443785785
54,-120.24703299351597,46.39433894238362
58,-120.1829590560388,46.349209599567345
63,-120.08488284518505,46.3284729616402
67,-120.02851689258051,46.30596300594937
69,-119.98617586616395,46.30607654945145
75,-119.884688452164,46.25871692464378
80,-119.79756381254187,46.22455629591067
88,-119.63786717326902,46.24185907912762
93,-119.54300464188162,46.26548445561266
96,-119.4819452858435,46.25208325321311
102,-119.37562819617287,46.253017682715885
104,-119.35094755635988,46.22189788495058
114,-119.20219365671231,46.147961704761585
122,-119.22488920204052,46.031730899166895
131,-119.33755177580106,45.94989414287664
73,-119.92415934437378,46.2705408831303
82,-119.74569089372676,46.215864676273156
109,-119.26909948478784,46.19443686394743
113,-119.20243225876979,46.16474419747946
11,-120.3731203767499,46.84169350900839
26,-120.48534572750451,46.67310431605976
29,-120.50790657200339,46.64528670533228
30 A,-120.51871325538974,46.63230133479946
30 B,-120.51743469057551,46.63146708403101
31,-120.50132377388788,46.623659208157626
33,-120.48234557175591,46.60107067689768
34,-120.4718151871545,46.58134267142468
36,-120.47028928018214,46.557258935222215
38,-120.47142627214963,46.53161302353676
40,-120.45045008860761,46.506965960657816
44,-120.39024337723056,46.46851961329099
50,-120.30703040882639,46.415004433128274
52,-120.2723380792293,46.402359555311385
54,-120.23582500141751,46.38897835804251
58,-120.17135641773376,46.342016969766576
63,-120.07204660198158,46.32378814476552
67,-120.01315276577483,46.30626660721182
69,-119.97117321761355,46.30565742594208
73,-119.91484365293267,46.268800370542664
75,-119.87345349341315,46.25326166945666
80,-119.78264605056113,46.221508341154745
82,-119.73660184603973,46.21134865496789
88,-119.62617842668602,46.246483507945776
93,-119.52822461658592,46.262632672872506
96,-119.46777652223577,46.25300632621974
102,-119.35967387988259,46.23977563037797
104,-119.3449686245614,46.213371708429435
109,-119.26017345044586,46.190420047963514
113,-119.20160538203378,46.16161516942646
114,-119.2019055773589,46.13754496196563
122,-119.22560779731498,46.019520568788366
131,-119.33305274513773,45.941458422154376
3,-120.49835802959285,46.926657649414466
3,-122.31213053243302,47.59271911943746
6,-122.25391380961447,47.58925235354843
7 A,-122.23987795983871,47.59080538351456
7 B,-122.23484136706846,47.588418258041166
8,-122.21224618288238,47.57854832653215
,-122.19718768606545,47.57946720001765
9,-122.1969997838406,47.579515610060156
,-122.19395873598995,47.579696711004665
10 A,-122.18865315623002,47.579112762860454
10 B,-122.17756404753585,47.58006428619225
,-122.16151251054188,47.57977530551944
13,-122.10684198817518,47.56893654845289
15,-122.0753226864039,47.55375535733766
17,-122.04114470664115,47.54286593073638
20,-121.98627024657935,47.53096399164607
22,-121.94239905121985,47.53021406063253
25,-121.88996699555271,47.50726230298938
27,-121.85305403410143,47.51187095765856
31,-121.80215130261061,47.49126922170229
32,-121.76515858781538,47.473214056661035
34,-121.72289899305173,47.467079809454425
38,-121.67495655374637,47.443251500998755
42,-121.59036624423676,47.41957939114676
45,-121.53241735064377,47.39580079154972
47,-121.49101457891138,47.396874775076576
52,-121.426243365585,47.42705582015389
53,-121.41104117819884,47.424357692163454
54,-121.40029071529037,47.39939573554236
62,-121.30993719550413,47.30757339840806
63,-121.29161347075436,47.29906781601437
70,-121.19381488721113,47.25330462738264
71,-121.17689999713588,47.23894481174266
74,-121.13529815223983,47.2179205415341
76,-121.05653236028135,47.19582561049038
80,-121.0201066735998,47.18316672294747
84,-120.96587613262572,47.19361651690347
85,-120.9071870107225,47.184801595926835
93,-120.79480874754269,47.11566992483256
101,-120.66979717766954,47.05529959276779
106,-120.59961262035807,47.01160771028935
110,-120.52630006555862,46.970960180133105
115,-120.41958945757574,46.97139595463558
136,-119.9952335456556,46.940413018818525
137,-119.9641688635574,46.94417974957897
143,-119.94854010683926,47.015559494569644
149,-119.86571720199233,47.08138526413603
151,-119.83668032356462,47.09978320801584
169,-119.45594553854261,47.103975955412174
174,-119.3447943721604,47.10392428329755
176,-119.3227298259838,47.10258706810616
179,-119.24785366699933,47.099300688625085
182,-119.17741245026264,47.092857525399566
184,-119.13444050767178,47.0889844076513
188,-119.05080550258332,47.08576776359989
196,-118.88147212749813,47.08691614193019
206,-118.67563589283628,47.09699019496023
215,-118.50017393339215,47.11075510097656
220,-118.40955723865385,47.111040265611926
221,-118.37317828547424,47.113273408303705
226,-118.30330255127852,47.15989354829561
231,-118.23284523334317,47.20837848443723
245,-117.97640831974068,47.306520850971346
254,-117.84504442187658,47.39282128671577
257,-117.79379915592294,47.433132785765764
264,-117.69473302235616,47.501473804993175
270,-117.59816854989727,47.56316710357319
272,-117.56873883179854,47.58847374047324
276,-117.50887289951044,47.6162645053603
277 A,-117.48755907054509,47.628931808136585
279,-117.45407466058474,47.64535104973406
280,-117.4432632116022,47.64979482995342
281,-117.41583144098688,47.65265770262345
282,-117.40295724598853,47.65206266640255
283 A,-117.38190884902146,47.653852384615426
283 B,-117.36668612742587,47.65390545508881
285,-117.33024891850495,47.65371323901841
286,-117.3234243656534,47.65540371948693
287,-117.29135167408803,47.672342398792075
289,-117.25733878940333,47.67454253258077
291 A,-117.22597372728401,47.67420189397023
291 B,-117.20741518094903,47.671285573814586
293,-117.16180167265097,47.665519256165254
296,-117.11635051009684,47.66862318550886
299,-117.05422604132961,47.69397432728945
109,-120.53968614121071,46.97339498753387
154,-119.76899953910348,47.103417993119855
164,-119.55889364090817,47.103882462795056
277 B,-117.47950552210108,47.63372986651626
3 B,-122.30353940834877,47.590525723706904
7,-122.22456770857967,47.58462879146885
8,-122.2027472764517,47.578435534774506
9,-122.18077076408666,47.580106377681446
10,-122.1631505695839,47.58024037693619
,-122.14192337193771,47.579200889643054
13,-122.08885329838566,47.55971719851978
15,-122.054473144241,47.54617528790843
17,-122.03241241285208,47.537191710369925
18,-122.01722154997634,47.534314027928616
20,-121.97595957251956,47.53396612920211
22,-121.93659376597935,47.52374672614418
25,-121.87584259467785,47.50998523833305
31,-121.79258460936254,47.484708446259624
32,-121.75188314738446,47.47366670311602
34,-121.70925120674131,47.46382537401719
38,-121.62870008171592,47.429372706614345
45,-121.5203648702326,47.395397558352606
47,-121.47518185461813,47.39545041554863
53,-121.41108530327985,47.414636554418635
54,-121.39016572088067,47.3934608327125
62,-121.30215206751403,47.30267555100914
63,-121.28596139820426,47.2951318612497
70,-121.18574062115265,47.24693662125349
71,-121.17088116621886,47.2343194221509
74,-121.12496932294756,47.21646312419818
78,-121.04837068877411,47.19299043918924
80,-121.00922906001618,47.18421114075381
84,-120.93188036405337,47.19042003429704
85,-120.89948900622599,47.181674486022644
93,-120.78510941789037,47.11297470064431
101,-120.66265297101505,47.0532219385214
106,-120.58642227823047,47.002553965841926
109,-120.5324370505669,46.97237549284573
115,-120.40732548497144,46.97171854684186
137,-119.96252455869417,46.9556245257901
143,-119.94047027472995,47.025851284496085
149,-119.85689396444991,47.08736765286944
151,-119.82401345814836,47.103421745761736
164,-119.55029238495818,47.104074060250305
169,-119.4431450048065,47.1041687899959
174,-119.33756448808352,47.104018589568
175,-119.32805347306186,47.10378980110494
176,-119.30985557537224,47.100654165720734
179,-119.23869316962502,47.098516933885556
182,-119.16700435001758,47.09211340012889
184,-119.12408718978766,47.08824635034899
188,-119.03876775508242,47.08569409664483
196,-118.86841776699056,47.087237193331376
206,-118.66059639495592,47.09716704112985
215,-118.48769791567615,47.11130181909712
220,-118.37269572817902,47.11376084174839
221,-118.36127170587068,47.11988077260208
226,-118.29570664612605,47.165586942895274
231,-118.22016159668789,47.21339407763005
245,-117.96856787708303,47.31031933536411
254,-117.83655956643399,47.39885975028547
257,-117.78656890106541,47.43926636933386
264,-117.68768368539611,47.50668303558152
270,-117.58718973031107,47.571288675100504
272,-117.5620265141831,47.59415829475346
276,-117.4957961074453,47.62426971590555
277,-117.47110080301908,47.63806469324605
279,-117.4478267103707,47.64827489416501
280 A,-117.42393789787266,47.652729815820976
280 B,-117.41944944992562,47.65276274742759
281,-117.40421653027701,47.652265744986394
282 A,-117.38739322541404,47.65397138160792
282 B,-117.3846310028231,47.65397971338731
283 A,-117.36968480639815,47.65405054661579
283 B,-117.34735236998348,47.65396181451155
286,-117.30599945723077,47.6668288751534
287,-117.27683550287534,47.67457235381008
289,-117.23331190546162,47.67425128752655
291 A,-117.20701287648976,47.67140067625688
291,-117.18124539917389,47.66622309130526
294,-117.12535984030339,47.666854309068896
296,-117.10354388538707,47.67774797274446
299,-117.04170811912506,47.69691186904222
3 A,-122.30622255715807,47.59056054001802
42,-121.58005234449062,47.41143132791782
110,-120.51272463425121,46.97051064509523
136,-119.98892015369641,46.9402988800641
154,-119.76838822419026,47.103605475124496
285,-117.32272780368797,47.656256867286814
293,-117.1506838801682,47.665699903224024
3,-119.31044455011673,46.252364708193134
5 A,-119.2722712838948,46.25869892336595
7,-119.22793641208871,46.272792226188564
9,-119.18950525210882,46.267690257271724
13,-119.10113790949303,46.24853512314647
4,-119.2845804903099,46.25878779413867
5 B,-119.26543016615042,46.258640394748184
3 B,-119.29777674702736,46.25673422081753
4,-119.27841502825856,46.25901993415599
5 B,-119.25390069849435,46.25935719517735
7,-119.21470974629506,46.27549064433937
9,-119.17568932795716,46.26374217717936
12 B,-119.11180330928133,46.24871372160692
5 A,-119.26169249973422,46.25891055008486
12 A,-119.12687290699665,46.249033198538996
13,-119.09566341923043,46.2497391184713
28 ABC,-122.55537921949384,45.61574615941927
32,-122.58701207498093,45.67933178544241
36,-122.63944731190934,45.711969784566854
27,-122.55099069049089,45.60126537282099
27,-122.55326536979983,45.61241983680581
28,-122.56365917466599,45.641724997488716
32,-122.60092512406435,45.6869604649701
36,-122.6547462966728,45.721882511134254
1,-122.24988886615623,47.462382817124585
4,-122.20114636645087,47.47975637400947
5,-122.19534163589077,47.49945643918995
6,-122.19828633623442,47.515964748373534
7,-122.19765276658991,47.52844792622467
9,-122.19266290369067,47.55329454772347
10,-122.18391842755751,47.565840024640536
12,-122.17991489265346,47.59849589393947
17,-122.18690381842671,47.66363047860721
20A,-122.17966954957592,47.69924479183199
20B,-122.1794347622746,47.7045022938448
22,-122.18719800920063,47.73849845525147
26,-122.2064752255925,47.79108314037616
2,-122.20491142383398,47.471224785181555
3,-122.20384035459114,47.47543648488401
4,-122.19230412645204,47.49377401555318
5,-122.19795273365,47.506843697821324
6,-122.19837268284131,47.52145843978252
7,-122.19583349269325,47.53525293522785
9,-122.18839773857488,47.5596502653205
10,-122.17701067803613,47.57265993080262
12,-122.18630666852397,47.605597655709886
13 A,-122.18894742340808,47.61676830642053
13 B,-122.1888612903505,47.62312545782954
14,-122.18670511968995,47.640599140228595
17,-122.18687052104755,47.671876183030655
20,-122.18563550142302,47.714838227936674
22,-122.18723913912459,47.74721863823754
23 B,-122.18629260133137,47.76359675153186
24,-122.19071240920836,47.77367323341146
26,-122.21918153083206,47.79720589910997
1,-122.24421030556697,47.46435965647686
23 A,-122.18426083139428,47.75867539739984
,-122.43201648311033,47.23412455401245
,-122.43300822115059,47.24017305214969
,-122.435609425058,47.24693486430558
,-122.59255999862097,47.10281424458262
127,-122.48397594459854,47.15894873104995
130,-122.4616630283489,47.200192883320476
133,-122.46332259972993,47.22142119295156
157,-122.27378580239159,47.49952899430473
164 A,-122.31998785382244,47.58486052853262
,-122.3243916899297,47.60183067674199
,-122.32631490747058,47.6034185065708
177,-122.32182131843327,47.769655941756305
108 B,-122.83456407167908,47.04561943332217
149 B,-122.29070356869552,47.39194383877517
158,-122.27984204368826,47.50577347250249
120,-122.57945401585502,47.10807085021373
130,-122.46255148994113,47.21233467612342
,-122.32097687191359,47.594562716971105
,-122.32100248908185,47.5954548234417
,-122.32115784646055,47.597362596059305
164,-122.33080084235793,47.60797404467314
173,-122.32810022765244,47.712878789897424
189,-122.20344951183364,47.92627850916798
181,-122.26298867152113,47.83170028738131
,-122.13471142702225,47.5789469774717
11,-122.12301025108306,47.575121909461146
,-122.14174668828946,47.579363700032864
12 AB,-119.13615808430457,46.2511971495755
12 B,-119.12154478752882,46.248527862476685
14,-119.0917467448467,46.25030352181684
14,-119.07336091093617,46.25042832311346
30,-122.56443448766606,45.64552986809137
30,-122.57889343624534,45.66610215547634
2,-122.23235061144312,47.46715476162165
13 AB,-122.18714587258313,47.607079842189094
18,-122.18552826582993,47.6738378706091
24,-122.18411962157425,47.7608040227458
18,-122.182885961894,47.68616318685122
1 D,-122.66560940172705,45.62977021069494
11,-122.17627283424427,47.57321325068007
11,-122.17930653485901,47.58672117229123
2 C,-122.31500716961425,47.595070114213236
2 B,-122.31889379494626,47.59424326107882
2 A,-122.32618971720127,47.592281620597866
2 B,-122.32320415634912,47.59298971679725
82,-122.9755046155341,46.73359022401365
108 A,-122.83750807676027,47.04534826438081
,-122.29840004047956,47.81044978398064
,-122.25482666085593,47.82661115362523
,-122.26156534306286,47.83134840711327
11 B,-122.15003181703428,47.579260817737264
11 A,-122.15484569710472,47.579478190122494
,-122.12819320342383,47.57712990306338
,-122.32652670581666,47.603443393266296
,-122.32148877854233,47.598107105507786
,-122.32010928376697,47.59379943127338
162,-122.31206865043175,47.54877753695394
154 A,-122.26305894016699,47.46018409011572
132 A,-122.45227855344174,47.23057479592043
18,-122.03493822010873,47.53939360344245
,-122.4345227012585,47.24332414114667
,-122.21274130369338,47.46844799680838
,-122.18851197033814,47.611623862886105
,-122.18890120368518,47.61985634651796
14,-122.18856629843792,47.62085154142292
,-122.18205732361615,47.709590182127805
,-122.18781176021405,47.718653396509715
23,-122.18693330394008,47.7415530908782
3 A,-119.30296000018217,46.25506698747344
14 A,-119.08810870120739,46.25087894013886
14 B,-119.08218974515617,46.25159563956008
14 A,-119.0831624189817,46.2520416206185
14 B,-119.07742865711387,46.251689279716
12 A,-119.13082390515652,46.24940882082656
,-122.58364535776425,47.10612690355427
,-122.58925234392676,47.10419703119636
120,-122.59639338312971,47.10270621951225
,-122.58792135912068,47.10406923927415
,-122.46238199822949,47.209530046157624
,-122.46189714072675,47.20640583232356
,-122.46097568695694,47.20304081812187
,-122.4613652302388,47.20672763703054
,-122.48169613268819,47.16077351823927
,-122.47911850222795,47.163422192628936
,-122.28150745296551,47.50823329948786
,-122.27671924942523,47.502572045013636
,-122.31928202177734,47.77306171277411
,-122.31725627642454,47.77846600064366
,-122.27592085721554,47.8232296310623
28 BC,-122.55714487083122,45.618026644307086
28 C,-122.558661619758,45.62080831499396
29,-122.55896509489476,45.62103088344442
,-122.57448267050161,45.660182282366144
,-122.57095902588357,45.65641135183138
30 AB,-122.56741782571703,45.653232860259514
30 C,-122.57095057943408,45.65748874201185
30 A,-122.56802382838868,45.655229400922316
,-122.57378911508555,45.65804695870497
,-122.58977850133785,45.68153626248854
13 A,-122.18811793126815,47.6097432847938
,-122.14757155139986,47.57885247047651
,-122.13987730911298,47.57854682752356
36 A,-122.88214582900328,46.11096889258131
36 A,-122.8763739918877,46.10269193625826
,-122.89206898686031,47.03149814963409
105 A,-122.88324235915451,47.03592205056951
,-122.22271351842328,47.467415392523286
,-122.21710175612088,47.46772210858443
,-122.3204824550117,47.58959534534
,-122.3219782777855,47.658353795247315
,-122.32255482357654,47.66803964833596
,-122.32966368597876,47.692961200608806
,-122.32980602522792,47.71094225309816
,-122.33037974212691,47.7084292629097
,-122.3239149501154,47.732122871156164
,-122.3260222280264,47.73593594999623
,-122.20949235545709,47.910768239529595
,-122.2047401015693,47.92420830580036
,-122.20744509194719,47.91794267256987
,-122.19923635849511,47.95709564298203
,-122.19942754524725,47.957049058336224
,-122.18536094357417,47.983322623518966
256 B,-122.48386690797064,48.782742363232785
,-122.22774100919116,47.58615268638347
,-122.10293472539163,47.566791334329395
,-122.02772388325442,47.53215824799677
,-118.38389830960772,47.1127993107718
,-117.47403774906452,47.636947109099026
,-120.48306043003942,46.602204564117145
,-122.17382652186315,47.577694571283324
,-122.17875793903526,47.57969378439557
,-122.17644829433662,47.58285285609443
,-122.17038303110017,47.580764905015926
,-122.32001387651489,47.568697995607685
,-122.32018709488557,47.574606585216564
,-122.32011519226613,47.570562300077626
,-122.46287348508326,47.21942386634088
,-122.46299571367317,47.22187213495919
,-122.44469258935706,47.23024991057199
,-122.43528412602285,47.232599641386216
,-122.46381025672545,47.225982522165666
,-122.42792344086021,47.23458078536706
,-122.42928146436017,47.23452851928902
,-122.43202138088246,47.23689009292626
,-122.20510741129623,47.470998604602514
,-122.45418239492878,47.23081135463018
,-122.46309944414661,47.225913525071235
