Longitude,Latitude,name
-122.3298055,48.3937602975452,24 Hour Express Fuel
-120.916225,47.1917122975452,76
-122.3575768,47.2387038975452,76
-122.2913239,48.4352268975452,76
-120.014523,47.8396080975452,76
-122.0973429,47.1395415975452,76
-122.5046745,47.2347702975452,76
-122.0365967,47.5442952975452,76
-122.3241049,47.6060395975452,76
-122.1148925,47.6716835975452,76
-122.2998584,47.9224274975452,76
-122.3739625,48.2412269975452,76
-122.3318182,48.3405951975452,76
-122.3410856,48.3408742975452,76
-119.3490955,46.2875508975452,76
-119.8600033,47.0829085975452,76
-122.957653,46.7012351975452,76
-123.0998193,47.2130806975452,76
-122.3223483,48.9203725975452,76
-122.4602115,48.7567705975452,76
-122.4570005,48.7732270975452,76
-122.502472,48.7173990975452,76
-122.4858024,48.7646144975452,76
-122.3203029,47.6251788975452,76
-122.2142107,47.3155676975452,76
-122.2286604,47.2938204975452,76
-122.1077834,48.0029776975452,76
-122.3041808,47.6436760975452,76
-122.1256246,47.8341683975452,76
-122.3629663,47.7910271975452,76
-120.303316,47.4111952975452,76
-120.8052204,45.8260948975452,76
-122.8791994,46.5475775975452,76
-122.8853267,46.5844371975452,76
-122.3009198,46.8879567975452,76
-120.2888516,47.4055262975452,76
-120.2276378,47.6255786975452,76
-121.9776053,47.8615956975452,76
-122.2938197,47.1180105975452,76
-122.039416,47.1585153975452,76
-122.1848508,47.1774151975452,76
-122.258855,47.1453002975452,76
-122.4841219,47.1638282975452,76
-122.3565415,47.2433837975452,76
-122.4153676,47.2419124975452,76
-122.6257477,47.0938385975452,76
-122.5255984,47.1385048975452,76
-122.1555212,47.2752862975452,76
-122.1658606,47.3872546975452,76
-122.1017014,47.4624242975452,76
-122.2043609,47.4624782975452,76
-122.2535219,47.4693727975452,76
-122.5164306,47.2714384975452,76
-122.5780979,47.3087103975452,76
-122.5880995,47.3227836975452,76
-123.0207959,47.0794798975452,76
-123.0940068,47.1425696975452,76
-122.1370505,47.5776842975452,76
-122.2758751,47.5462426975452,76
-122.3322502,47.7084322975452,76
-122.3451868,47.7490672975452,76
-122.6265391,47.5416129975452,76
-122.0116555,47.8490120975452,76
-122.118836,47.8472637975452,76
-122.3646583,47.7648821975452,76
-122.03764,47.9859769975452,76
-122.186268,48.0525207975452,76
-122.3653418,48.4302542975452,76
-122.2218235,47.3230588975452,76'
-122.449191,48.9442170975452,76 Gas Station
-122.2926599,47.1626200975452,7-Eleven
-122.2804117,47.8827630975452,7-Eleven
-122.3007033,47.9218347975452,7-Eleven
-122.800855,47.0374532975452,7-Eleven
-122.4775168,47.2554532975452,7-Eleven
-122.075005,47.5799156975452,7-Eleven
-122.1540725,47.6312503975452,7-Eleven
-122.3280501,47.6648265975452,7-Eleven
-122.2274112,47.9221907975452,7-Eleven
-119.2793752,46.2940790975452,7-Eleven
-119.2733006,46.3186836975452,7-Eleven
-120.5485852,46.9993060975452,7-Eleven
-123.8413082,46.9749480975452,7-Eleven
-120.5332538,47.0022181975452,7-Eleven
-122.4724303,47.2144543975452,7-Eleven
-122.4659711,47.2423775975452,7-Eleven
-122.6091848,47.5189860975452,7-Eleven
-122.6145022,48.5127994975452,7-Eleven
-122.2037452,48.7157781975452,Acme General Store
-122.9177646,46.9688920975452,Airport Fuel Farm
-122.4332768,47.1187781975452,Albertsons Gas
-119.979314,46.3089197975452,Ameristar
-122.6996591,47.1650774975452,Anderson Island Gas Station
-122.3362076,47.4599067975452,Andy's
-122.2982662,47.8206265975452,Arco
-122.9745094,46.7262007975452,Arco
-122.2934345,47.1508715975452,Arco
-123.8245127,46.9693500975452,Arco
-120.5213968,46.6647384975452,Arco
-122.3559758,47.0960426975452,Arco
-122.285691,47.8900744975452,Arco
-122.1434772,47.6823549975452,Arco
-122.7222738,47.0656862975452,Arco
-122.5531658,45.7091239975452,Arco
-120.5098608,46.5709654975452,Arco
-122.2113097,47.9635064975452,Arco
-122.1754757,47.7043385975452,ARCO
-122.3104218,47.7341621975452,ARCO
-121.776283,47.8685492975452,ARCO
-119.9780366,46.3092032975452,ARCO
-122.2942348,47.0526876975452,ARCO
-120.7074431,46.7300653975452,ARCO
-121.8883743,47.5671349975452,ARCO
-122.1537127,47.4485215975452,ARCO
-122.3487698,47.4813655975452,ARCO
-122.2928594,47.1117490975452,ARCO
-122.9568898,46.6471458975452,ARCO
-122.4777528,48.7142780975452,ARCO
-122.4855668,48.7948362975452,ARCO
-122.4859331,48.9406947975452,ARCO
-122.210435,47.7659670975452,ARCO
-122.4337542,47.1813362975452,ARCO
-122.1658442,47.3583163975452,ARCO
-123.0126769,46.8019079975452,ARCO
-122.152847,47.1677094975452,ARCO
-122.1872514,47.1777592975452,ARCO
-122.2437794,47.2034920975452,ARCO
-122.4841115,47.1662399975452,ARCO
-122.1929283,47.2886904975452,ARCO
-122.0359822,47.5384558975452,ARCO
-122.0596399,47.5515933975452,ARCO
-122.1675135,47.6277945975452,ARCO
-122.1661679,47.7539873975452,ARCO
-122.2064099,47.8784911975452,ARCO
-120.6619848,47.0537515975452,ARCO
-120.1798671,46.3447958975452,ARCO
-120.4756524,46.5627193975452,ARCO
-122.5891944,46.9328874975452,ARCO
-122.4627113,47.2505376975452,ARCO
-122.1864208,47.3866326975452,ARCO
-122.6767302,47.6539171975452,ARCO
-122.2242794,47.9255185975452,ARCO
-122.2015591,47.9934160975452,ARCO
-119.0393259,46.9708002975452,Astro
-120.5428921,46.9765548975452,Astro
-122.9367196,46.1373038975452,Astro
-122.9367947,46.1372165975452,Astro
-122.1833792,48.1347618975452,Astro
-122.389441,47.9317332975452,Bailey's Corner Store
-122.398725,48.8034720975452,Baker Bear Grocery
-122.4430444,48.7891033975452,Bakerview Shell
-122.4495015,47.2647642975452,Ball Auto
-122.4592936,48.0008468975452,Bayview Mobil
-122.6898814,45.7074263975452,B&B Gas & Groceries
-118.7368121,48.6419129975452,Beaver Trap Junction
-118.388315,46.0382253975452,Beeline Automotive
-120.004349,47.8398120975452,Bills Gas
-122.6793859,48.4924590975452,Boat Fueling Station
-122.131077,47.7618112975452,BP
-122.897503,47.6937719975452,Brinnon Fuels
-122.3344006,47.4701892975452,B TOWN 76
-117.3653794,46.8901877975452,Bush
-119.8803882,46.2531614975452,Cenex
-117.3638373,46.8883472975452,Cenex
-119.8594695,47.0832883975452,CENEX
-117.3717069,47.6633056975452,Cenex TRENT CARDTROL
-120.4730299,46.5810841975452,CFN
-122.9056643,46.6071279975452,CFN
-121.9852008,47.2009477975452,CFN
-122.3371813,47.2338613975452,CFN
-119.0514345,48.9452061975452,Chesaw Highland Store
-121.8861402,45.6928745975452,Cheveron
-122.7050677,45.8504322975452,Cheveron
-122.4754357,47.2222451975452,Chevron
-122.7491203,48.9977979975452,Chevron
-122.2146149,48.8242410975452,Chevron
-122.3578584,47.2392200975452,Chevron
-122.4630397,48.7561324975452,Chevron
-122.4205524,47.1920392975452,Chevron
-123.3684381,46.1980084975452,Chevron
-117.3640119,46.8907301975452,Chevron
-118.6687693,46.0404941975452,Chevron
-120.0206434,46.3089844975452,Chevron
-119.8536569,47.2330617975452,Chevron
-122.9060941,46.1848835975452,Chevron
-122.2200035,47.4795601975452,Chevron
-122.1594972,47.7546598975452,Chevron
-122.2799451,47.8833478975452,Chevron
-121.8133377,47.8621322975452,Chevron
-122.8914419,47.0399304975452,Chevron
-119.999631,46.3278759975452,Chevron
-120.3275735,46.3751781975452,Chevron
-120.6951666,46.7269699975452,Chevron
-122.27573,46.5538927975452,Chevron
-122.9552459,46.6463652975452,Chevron
-120.9407675,47.1949619975452,Chevron
-121.9893426,47.2141050975452,Chevron
-120.4537074,47.5196788975452,Chevron
-121.7770348,47.8675865975452,Chevron
-122.7412698,47.0609871975452,Chevron
-122.7216569,47.0657884975452,Chevron
-122.3345438,47.5495204975452,Chevron
-122.2332735,47.7560094975452,Chevron
-122.5014136,48.3904864975452,Chevron
-123.0039779,48.0201382975452,Chevron
-123.1721234,48.0790118975452,Chevron
-122.2932722,47.1495814975452,Chevron
-122.4582975,48.7723261975452,Chevron
-122.4125822,47.2421218975452,Chevron
-122.291978,47.2053531975452,Chevron
-122.471262,48.7447840975452,Chevron
-122.4750012,48.7297252975452,Chevron
-122.2940514,47.1876782975452,Chevron
-122.1059361,48.0040983975452,Chevron
-122.4859352,48.9388226975452,Chevron
-121.8306133,47.8585254975452,Chevron
-122.2525839,47.2497193975452,Chevron
-122.0367257,47.5377058975452,Chevron
-121.9755167,45.6398841975452,Chevron
-121.8813558,45.6949392975452,Chevron
-122.9783507,46.7283603975452,Chevron
-119.2818444,46.3007044975452,Chevron
-119.9217089,46.2675056975452,Chevron
-120.2778035,46.4060911975452,Chevron
-122.3151932,47.5241334975452,Chevron
-122.0107703,48.0715126975452,Chevron
-122.2276006,47.6208689975452,Chevron
-119.2463028,47.1020658975452,Chevron
-120.5416555,46.9757505975452,Chevron
-121.9570107,46.5355248975452,Chevron
-123.0193702,46.9020262975452,Chevron
-120.5858983,47.0059763975452,Chevron
-122.0496079,47.1287647975452,Chevron
-122.0380399,47.1581762975452,Chevron
-122.1433802,47.1671591975452,Chevron
-122.1847311,47.1747439975452,Chevron
-122.5842581,47.2751083975452,Chevron
-123.0918771,47.1999371975452,Chevron
-123.0096406,47.2660383975452,Chevron
-123.849218,47.4661071975452,Chevron
-122.2976155,47.5781143975452,Chevron
-122.3448137,47.7417968975452,Chevron
-122.669343,47.6874587975452,Chevron
-122.109756,47.8015080975452,Chevron
-122.1167502,47.8486839975452,Chevron
-122.3135036,47.7768974975452,Chevron
-122.2289414,47.9216345975452,Chevron
-122.201882,47.9821519975452,Chevron
-122.5695273,47.8044417975452,Chevron
-122.2573619,48.5017133975452,Chevron
-122.2652836,48.9965024975452,Chevron
-122.7259052,48.9355185975452,Chevron
-122.8069464,46.9969877975452,Chevron Gas Station
-121.9751074,48.0830372975452,Chevron Station
-120.7005055,46.7285784975452,Circle K
-122.4733892,47.2146711975452,Circle K
-119.4415227,48.7049048975452,Coleman Oil
-117.8767617,47.6696737975452,Colville's Too
-120.6612486,47.0535539975452,Comdata CFN
-120.0206192,46.3082340975452,Conoco
-120.5381169,46.9706967975452,Conoco
-119.7599022,46.2110838975452,Conoco
-119.9098226,46.2575773975452,Conoco
-119.9100801,46.2577219975452,Conoco
-120.3247196,46.3748820975452,Conoco
-120.3178209,46.3751946975452,Conoco
-120.5869983,47.0070638975452,Conoco
-119.4744757,46.2517888975452,Conoco
-118.7088659,47.7591865975452,Conoco
-118.7537818,46.7940530975452,Conoco
-117.1962615,47.6899266975452,Conoco
-120.1803222,46.3463267975452,Conoco
-117.3640078,46.8887041975452,Conoco
-119.2851282,46.3115286975452,Conoco
-119.8977689,46.2562216975452,Conoco
-119.248285,47.1013410975452,Conoco
-120.5076614,46.6063441975452,Conoco
-117.3041697,48.3373396975452,Conoco
-122.8688457,47.0452087975452,Conoco/Phillips
-123.0987656,48.0799600975452,Co-Op Farm & Garden
-122.2077097,47.9047217975452,Costco Gasoline
-122.5135634,48.7900867975452,Costco Gasoline
-122.4681592,47.2235669975452,Costco Gasoline
-122.0507789,47.5503195975452,Costco Gasoline
-122.918618,46.9963293975452,Costco Gasoline
-120.2811181,47.4032736975452,Costco Gasoline
-122.3084655,47.1572912975452,Costco Gasoline
-122.7604415,47.0580377975452,Costco Gasoline
-122.8849055,48.6960268975452,Country Corner
-123.4498251,48.1187742975452,DEF Fuel
-122.5524432,48.9355402975452,Delta Gas & Grocery
-122.1885531,48.0998082975452,Donna's Truck Stop
-122.3692805,47.6652557975452,Dr. Dan's Biodiesel
-117.4565291,47.6966090975452,Driscoll One Stop
-122.7495127,48.9978201975452,Exxon
-119.2259223,46.2123363975452,Exxon
-120.5426587,46.9775238975452,Exxon
-122.2883146,48.8432982975452,Exxon
-119.2649331,46.1965883975452,Exxon
-119.2745795,46.2901152975452,Exxon
-119.1777292,46.1845413975452,Exxon
-119.2014733,46.2127194975452,Exxon
-119.3392798,46.2968801975452,Exxon
-119.0038414,47.9416920975452,Exxon
-122.8986562,47.0474615975452,Fast Fuel
-122.6693541,48.7312493975452,Fisherman's Cove Marina
-122.8457712,46.4392174975452,Flying K
-122.0399035,46.7596406975452,Flying K
-122.2074213,47.8796730975452,Fred Mayer Fuel Center
-122.2318729,47.9185882975452,Fred Meyer
-119.1627252,46.1984174975452,Fred Meyer
-122.293126,47.8216647975452,Fred Meyer
-122.1502982,47.1674710975452,Fred Meyer Fuel
-122.4344382,47.1898966975452,Fred Meyer Fuel
-122.8323701,47.0395974975452,Fred Meyer Fuel
-122.1092111,47.9444287975452,Fred Meyer Fuel
-122.5798439,47.3078120975452,Fred Meyer Fuel Center
-120.5628486,46.6194119975452,Fred Meyer Fuel Center
-122.4978643,47.2431146975452,Fred Meyer Fuel Center
-122.2290185,47.2034315975452,Fred Meyer Fuel Stop
-122.9134175,46.9996040975452,Fred Meyer Gas
-122.5141913,48.7891755975452,Fred Meyer Gas Station
-122.4484625,48.7897663975452,Fuel Express
-118.5224363,47.7584437975452,Gas
-122.337175,48.5066580975452,Gas & Go 76
-123.3656383,46.1971819975452,Gragg's General Store
-121.6576509,47.1576214975452,Greenwater General Store Gas
-122.882656,47.1027050975452,Gull Harbor Mercantile
-122.6073654,48.4296619975452,Harold's Market
-122.9709641,46.7231055975452,Harrison Super Mart
-121.4676685,45.7156040975452,Hatt's Fuel Stop
-122.312844,47.6239572975452,Hilltop Service Station
-122.4428073,48.8920012975452,Hinote's gas-Up
-122.1180471,47.1661070975452,Hi Way Gas
-122.3448103,48.4693082975452,Holiday Gas
-122.9379934,48.6785648975452,Island Hardware Supply
-122.9393694,48.6779449975452,Island Hardware & Supply
-122.8942761,46.9731947975452,Jorgensen Air Service
-123.7347394,48.1363322975452,Joyce General Store
-120.6577104,47.7583911975452,Just Plain Grocery and Gas
-122.0007665,47.2067396975452,Kangaroo
-123.0976387,47.1295194975452,KTP Express
-122.3019618,46.0510820975452,Lakeside Fuel
-122.9079167,46.6041109975452,Love's
-118.3667325,47.1133080975452,Loves Travel Shop
-118.3667992,47.1135309975452,Loves Travel Shop #514
-122.6270501,48.8187365975452,Lummi Mini-Mart/Gas Station
-122.3999691,47.6393852975452,Magnolia 76
-122.4518484,47.2539349975452,Main Street Grocery
-124.6168877,48.3662326975452,Makah Mini-Mart
-124.6171176,48.3661617975452,Makah Mini-Mart
-121.6965915,47.8546349975452,Mann
-122.6278791,48.3983861975452,Marine Gas
-122.4251377,48.7498122975452,Market Fuel
-122.469814,48.7535860975452,Market Fuel
-122.4416254,48.7628112975452,Market Fuel
-122.7302661,48.9623358975452,Market Fuel
-124.4120201,47.9660988975452,Masco Petroleum
-123.8019106,46.9694532975452,Masco Petroleum-Pacific Pride
-122.5896775,46.5221021975452,Mayfield Texaco
-122.4529242,48.7889620975452,McEvoy Commercial Fuel
-122.4858844,48.7666756975452,Meridian Food Gas
-119.1593127,46.2034374975452,Metro (Truck Stop)
-121.6695635,46.6098981975452,Mobil
-123.1562383,48.0764367975452,Mobil
-122.3358801,48.4517410975452,Mobil
-121.8877026,47.5669498975452,Mobil
-122.4595743,48.7567054975452,Mobil
-122.750156,48.9973784975452,Mobil
-122.1393321,48.9168152975452,Mobil
-122.9185976,46.1499696975452,Mobil
-123.8649734,46.9750596975452,Mobil
-122.1630249,47.1688133975452,Mobil
-122.7406691,47.0620464975452,Mobil
-122.3379725,47.4701472975452,Mobil
-122.3723584,47.6967039975452,Mobil
-122.3453314,47.6452075975452,Morrison's North Star Marine
-122.4347198,47.1574362975452,Pacific Pride
-119.2988028,46.3001772975452,Pacific Pride
-120.1051046,48.3574518975452,Pacific Pride
-122.8848413,46.9662344975452,Pacific Pride
-119.6025709,45.9397403975452,Pacific Pride
-119.0080462,47.9409100975452,Pacific Pride
-122.9041177,46.3915741975452,Pacific Pride
-122.9090421,46.6060099975452,Pacific Pride
-123.8411133,46.9672497975452,Pacific Pride
-120.2827528,47.5328436975452,Pacific Pride
-121.8174725,47.8618202975452,Pacific Pride
-122.2503327,47.2035171975452,Pacific Pride
-122.3705969,47.2428051975452,Pacific Pride
-120.9353024,47.1921707975452,Pacific Pride Commercial Fueling
-120.5806286,47.5529329975452,Pacific Pride Commercial Fueling
-117.9774223,46.3213328975452,PDQ
-119.1248708,46.2417648975452,Perro USA
-122.9349907,46.9531262975452,Pilot
-122.9353285,46.9541622975452,Pilot
-118.6846743,48.6512544975452,Pinegrove Junction
-122.3578345,48.2407901975452,QFC
-122.827609,47.4537237975452,QFC Gas
-122.8811628,47.8294604975452,Quilcene Village Store
-121.9240571,46.5336959975452,Randle One Stop
-118.7338405,48.6408281975452,Republic Chevron
-122.9408258,46.9522470975452,RestoverTruck Center
-122.4292348,48.3654564975452,Rexville Grocery
-122.2137654,48.2101346975452,River Rock Fuel
-123.1495446,48.6069374975452,Roche Harbor Resort
-121.9811246,47.1999342975452,Safeway
-120.5313822,46.6027172975452,Safeway
-122.1041925,48.0049940975452,Safeway 1803
-122.1044407,48.0035469975452,Safeway 1803 Fuel Station
-122.2191815,47.7778935975452,Safeway Gas
-122.2831443,47.3146760975452,Shell
-122.457196,48.7737517975452,Shell
-122.3343141,47.4721223975452,Shell
-119.832914,47.1038590975452,Shell
-122.2437396,48.2396538975452,Shell
-122.2175438,48.8263793975452,Shell
-122.0775733,48.9239194975452,Shell
-122.440493,48.9638020975452,Shell
-122.2976476,46.9803996975452,Shell
-122.9089186,47.0007105975452,Shell
-122.6182043,47.5343657975452,Shell
-122.2156443,47.7916414975452,Shell
-121.9366853,47.5258555975452,Shell
-122.8340896,47.0390930975452,Shell
-122.9329371,47.0391181975452,Shell
-122.5330391,47.2553428975452,Shell
-122.1861195,47.8775829975452,Shell
-122.2922295,47.8994424975452,Shell
-122.8899741,46.4189461975452,Shell
-122.2739374,46.5530353975452,Shell
-122.9090045,46.6055937975452,Shell
-123.737724,46.6811234975452,Shell
-120.9813303,47.2075241975452,Shell
-120.454344,47.5201804975452,Shell
-120.2070223,47.6844336975452,Shell
-120.5806172,47.5527578975452,Shell
-120.014432,47.8400550975452,Shell
-122.2060025,47.0990515975452,Shell
-122.2935956,47.0752334975452,Shell
-122.2868389,47.1561686975452,Shell
-122.8458624,47.0415806975452,Shell
-122.9308267,47.0463474975452,Shell
-122.2131023,47.3077084975452,Shell
-122.0367207,47.5387720975452,Shell
-122.0349972,47.5834874975452,Shell
-122.3295799,47.5800061975452,Shell
-122.1263944,47.8342405975452,Shell
-122.2662924,47.8209453975452,Shell
-122.3738284,48.2408768975452,Shell
-123.1725879,48.0798957975452,Shell
-124.2589151,48.2489736975452,Shell
-122.292788,47.2055972975452,Shell
-122.3984113,48.6857141975452,Shell
-119.2640269,47.1167744975452,Shell
-122.3542699,48.6201066975452,Shell
-122.2957912,47.4505169975452,Shell
-119.2433327,46.2276449975452,Shell
-122.4639132,48.7553262975452,Shell
-122.3308226,48.7109308975452,Shell
-122.4730982,47.2227342975452,Shell
-122.4111982,47.2382576975452,Shell
-122.4759749,48.7142927975452,Shell
-122.7493052,48.9984848975452,Shell
-122.475183,48.7474330975452,Shell
-119.2786319,46.2855056975452,Shell
-122.9055421,46.6067139975452,Shell
-121.1844541,47.2470781975452,Shell
-122.5813336,47.3044797975452,Shell
-122.0361641,47.5299296975452,Shell
-122.092659,47.7027737975452,Shell
-122.0089862,48.0721579975452,Shell
-124.1044627,46.8905586975452,Shell
-124.3855995,47.9526682975452,Shell
-118.9344268,46.1381587975452,Shell
-119.7881048,46.2207842975452,Shell
-119.7890029,46.2208648975452,Shell
-119.979087,46.3093527975452,Shell
-120.3966198,46.4750242975452,Shell
-120.473035,46.5682957975452,Shell
-122.9045741,46.9822957975452,Shell
-122.1958314,47.6665396975452,Shell
-122.1817114,48.0520799975452,Shell
-122.6847293,48.4949786975452,Shell
-122.2177024,47.7909548975452,Shell
-122.5918691,45.6243627975452,Shell
-120.6062016,46.5934117975452,Shell
-122.4850245,46.5338534975452,Shell
-122.9742676,46.7107769975452,Shell
-123.0117874,46.8018867975452,Shell
-120.941584,47.1950400975452,Shell
-120.2880128,47.4063109975452,Shell
-120.2842096,47.5284129975452,Shell
-121.9151281,47.6470432975452,Shell
-122.0574093,47.1601873975452,Shell
-122.2076156,47.1974131975452,Shell
-122.3483514,47.2424328975452,Shell
-122.7639713,47.0572156975452,Shell
-122.8683395,47.0456812975452,Shell
-122.9261437,47.0298975975452,Shell
-122.8933879,47.0465358975452,Shell
-122.5481351,47.1799863975452,Shell
-122.4504711,47.2627511975452,Shell
-122.5259955,47.2501958975452,Shell
-122.5154918,47.2707723975452,Shell
-122.6372054,47.2580735975452,Shell
-122.8293157,47.3833250975452,Shell
-122.1232175,47.5007635975452,Shell
-122.3364092,47.5322035975452,Shell
-122.6561948,47.7435680975452,Shell
-122.1522537,47.7549456975452,Shell
-122.1646956,47.7548668975452,Shell
-122.3461021,47.7556809975452,Shell
-122.366215,47.7653138975452,Shell
-122.3130353,47.7772934975452,Shell
-122.2066974,47.9123787975452,Shell
-122.2279652,47.9216551975452,Shell
-122.1890993,47.9820463975452,Shell
-122.0957122,48.0179802975452,Shell
-122.1769194,48.0478479975452,Shell
-122.1829033,48.0751256975452,Shell
-122.1821415,48.0753693975452,Shell
-122.2533654,48.5030881975452,Shell
-122.612967,48.5112109975452,Shell
-123.0174055,48.5335933975452,Shell
-122.6650705,47.5702719975452,Shell Diesel Pumps
-122.4083462,47.6804502975452,Shilshole Fuel Dock
-122.3359529,48.4750248975452,Skagit Big Mini Mart
-121.3616417,47.7111072975452,Sky Gas
-122.0990065,47.9133075975452,Snohomish 76
-122.2932516,47.1488870975452,South Hill Fuels
-122.4672429,47.2502618975452,Spirit
-122.3880113,47.6689833975452,Spirit Gas Station
-117.6120251,47.6436598975452,Spoko Fuel
-122.3308338,48.2389125975452,Stanwood Valero
-122.6615556,48.8198833975452,Starvin' Sam's 76
-122.1862485,48.1114943975452,Suburban Propane
-119.0944915,46.2345899975452,Sunrise Super Gas
-119.2442268,47.1015071975452,Sunval
-119.310897,47.1044590975452,Sunval Express
-122.486336,48.7936620975452,Super Gas
-117.3709031,47.6280536975452,Svoboda's Texaco
-119.1775682,46.1852618975452,Tesoro
-124.3850638,47.9524336975452,Tesoro
-122.6131086,48.5025290975452,Tesoro
-122.9789185,46.7276393975452,Texaco
-122.2350761,46.9850977975452,Texaco
-122.938675,47.0345585975452,Texaco
-120.5492075,46.9994359975452,Texaco
-121.8075793,47.8623805975452,Texaco
-122.2071409,47.0993035975452,Texaco
-122.9437845,47.0297256975452,Texaco
-122.2809144,47.4559565975452,Texaco
-122.694876,47.6502555975452,Texaco
-122.328728,47.8047856975452,Texaco
-122.362159,48.4275483975452,Texaco
-122.2284742,47.4299535975452,Texaco
-119.459882,48.9949460975452,Texaco
-122.1363437,48.9174760975452,Texaco
-119.2480485,47.1019323975452,Texaco
-121.466049,45.7148195975452,Texaco
-122.9051419,46.3922737975452,Texaco
-122.9779355,46.6757135975452,Texaco
-122.8590672,46.8528246975452,Texaco
-122.7682682,46.9843293975452,Texaco
-122.3557028,47.0967760975452,Texaco
-122.0379906,47.2103627975452,Texaco
-122.9261907,47.0458411975452,Texaco
-123.0448502,47.2487756975452,Texaco
-122.5791589,47.7115027975452,Texaco
-122.1323705,47.7617506975452,Texaco
-122.3192066,48.4354444975452,Texaco
-122.5823056,48.4615810975452,Texaco
-120.4058555,48.5931731975452,The Mazama Store
-124.5344581,47.9130932975452,Three Rivers
-122.1924823,48.1000127975452,Tulalip Tribes Chevron
-122.8546579,46.8564927975452,Union 76
-122.4344133,47.1801530975452,Union 76
-122.4626623,47.1813110975452,Union 76
-122.4152528,47.1915535975452,Union 76
-122.5375972,47.1782733975452,Union 76
-122.2011946,47.9764673975452,Unocal 76
-122.2117831,47.9762328975452,Unocal 76
-119.9878642,46.3159358975452,USA Gasoline
-119.1932605,46.2129283975452,USA Gasoline
-122.346133,47.7562447975452,Valero
-122.1084468,48.0016932975452,Valero
-123.0702945,48.9841899975452,Valero
-122.4193695,47.0725999975452,Walmart Gas
-120.9559942,47.1963121975452,Warrior's Quick Stop
-122.3215516,48.9203558975452,WFC Energy
-122.4527623,48.9465489975452,WFC Energy
-120.0810756,47.6414190975452,Whitley Fuel
-120.9207821,47.1929132975452,Willette's Shell
-121.8210864,45.7410913975452,Wind River Market
-120.318289,47.4836969975452,WTS Truck Stop
-122.2980489,48.1556528975452,
-119.1166251,46.9698207975452,
-117.3817409,47.6720603975452,
-119.2452244,47.1019341975452,
-121.1875074,45.6523656975452,
-122.5580253,46.9346497975452,
-123.7977421,46.6630837975452,
-123.8027389,46.9672457975452,
-120.3349984,47.4668753975452,
-121.9730503,47.4199512975452,
-122.5154949,47.2911081975452,
-122.3144444,47.6629108975452,
-123.4182356,48.1131392975452,
-122.2227035,48.5102381975452,
-122.8653161,47.0034252975452,
-122.8237049,47.0357295975452,
-122.2263442,48.5108069975452,
-122.1440367,47.8044844975452,
-117.3687686,47.6017440975452,
-117.0551206,46.4196307975452,
-118.1536189,46.2702514975452,
-117.2715412,47.8274237975452,
-117.1053282,47.6676120975452,
-122.8874537,48.6960297975452,
-122.0042059,47.5647917975452,
-117.8775691,47.6696394975452,
-121.6727151,46.6041396975452,
-122.9560933,46.7114906975452,
-122.9738649,46.7116267975452,
-122.9431862,46.9233833975452,
-123.0113235,46.6488042975452,
-123.0836422,46.8213431975452,
-123.7720311,46.9569377975452,
-122.7655122,47.0615310975452,
-122.9248111,47.0276200975452,
-123.0212736,47.0801901975452,
-123.390316,47.0068458975452,
-123.4032626,47.0022456975452,
-122.0351769,47.5822620975452,
-122.2078948,47.8221391975452,
-122.2521912,47.8499876975452,
-122.7017066,47.9203675975452,
-117.9095437,48.5488465975452,
-119.9021838,48.0517654975452,
-119.7862366,48.1014775975452,
-120.1756218,48.4672659975452,
-122.1281952,48.1811142975452,
-122.768142,48.0114324975452,
-123.4240371,48.1153332975452,
-122.4854676,48.8330292975452,
-117.9888351,46.3161348975452,
-117.3997436,47.6145046975452,
-118.1410607,46.2702849975452,
-119.7720958,46.2088911975452,
-117.3836417,47.4269995975452,
-117.9083367,48.5484079975452,
-117.0634733,48.1751478975452,
-119.9016231,46.2559137975452,
-118.8610094,46.6545215975452,
-117.9052079,48.5364042975452,
-119.7812744,48.1036339975452,
-119.4417342,48.7027883975452,
-122.483555,46.5287344975452,
-117.3681611,47.6141050975452,
-119.4406479,48.7029653975452,
-118.6681095,46.0407103975452,
-122.7706225,47.0679303975452,
-121.963649,48.0836518975452,
-120.7134108,47.8079018975452,
-122.2877669,47.8932766975452,
-124.1614484,47.0102752975452,
-122.7673249,47.0565389975452,
-122.2108212,48.1522120975452,
-117.9876093,46.3163016975452,
-119.278581,47.6219044975452,
-124.1609735,47.0076779975452,
-119.8966046,46.7379967975452,
-119.1743717,46.8126538975452,
-119.5458226,47.3292212975452,
-120.5933733,46.6395162975452,
-122.6092406,46.3739343975452,
-122.9262804,46.4901441975452,
-122.7203252,46.5323716975452,
-122.9569005,46.7109222975452,
-122.9809835,46.7292004975452,
-122.6904775,46.8876537975452,
-122.5978848,46.9375796975452,
-122.6139668,46.9462708975452,
-122.9079799,46.9935835975452,
-123.1611858,46.8266730975452,
-123.6005539,46.9787706975452,
-122.4629235,47.1795259975452,
-122.4854247,47.1767875975452,
-122.6713016,47.0016838975452,
-122.7653078,47.0609683975452,
-122.8237825,47.0489483975452,
-122.9661026,47.0037403975452,
-123.2648503,47.0545399975452,
-123.4038634,47.0022218975452,
-123.0912416,47.2016138975452,
-123.1606142,47.3383671975452,
-122.0961636,47.9127195975452,
-119.5107797,48.4165487975452,
-121.9702925,48.0834834975452,
-121.6014569,48.2554467975452,
-121.706149,48.2684191975452,
-121.7598253,48.5358816975452,
-123.0151384,48.5364765975452,
-117.1750128,46.7362835975452,
-117.9909594,46.3134819975452,
-117.1849236,46.7261390975452,
-119.9984855,46.2114263975452,
-119.1742805,46.8119047975452,
-118.3245936,47.9068565975452,
-120.0185777,46.3298724975452,
-122.6887377,46.8886793975452,
-122.9708372,46.9538158975452,
-123.2974999,46.5736865975452,
-122.8235545,47.0385626975452,
-122.8722631,47.0462110975452,
-122.9434627,47.0773208975452,
-117.7792528,48.9171586975452,
-119.5101092,48.4170007975452,
-122.2703084,47.8204400975452,
-119.9071834,46.7375226975452,
-119.9077037,46.7374085975452,
-117.4526747,47.9548947975452,
-117.4534525,47.9547402975452,
-120.008324,46.3162842975452,
-120.2586085,46.4009055975452,
-122.5678569,46.9200045975452,
-122.5538801,46.9376438975452,
-123.6011205,46.9782172975452,
-122.822874,47.0482400975452,
-123.3881328,47.0088798975452,
-123.091365,47.2011491975452,
-119.7874195,48.1014847975452,
-119.5416898,47.3027272975452,
-122.7831121,47.0528016975452,
-122.8229706,47.0356746975452,
-122.8989945,47.0181110975452,
-122.4883414,47.1591735975452,
-122.3543845,47.5172393975452,
-122.2871684,48.8433354975452,
-119.0245874,48.5595303975452,
-119.4877889,46.2621348975452,
-118.3898777,47.1164949975452,
-124.0986115,46.8591474975452,
-117.5625043,47.8117148975452,
-122.4225145,45.5995259975452,
-123.1013666,47.1300857975452,
-122.3918414,47.6278385975452,
-117.1076982,46.7455702975452,
-119.1204896,46.2417045975452,
-119.180577,46.1997358975452,
-119.9952295,46.3256792975452,
-118.1273516,46.5203369975452,
-119.1736312,46.8122242975452,
-117.2418278,47.1280826975452,
-117.1740793,47.3847780975452,
-117.1541367,47.6682913975452,
-117.2664883,47.6641881975452,
-117.3871333,47.7521560975452,
-119.3148145,47.1026017975452,
-119.2788166,47.1382274975452,
-119.123635,47.4215527975452,
-119.6319123,47.8098789975452,
-120.2156901,45.7441309975452,
-121.2840423,45.6934673975452,
-122.3372291,45.5788501975452,
-120.0125136,46.3296095975452,
-120.1949414,46.3421690975452,
-120.492165,46.5773684975452,
-120.494242,46.6047502975452,
-120.5202561,46.5854558975452,
-120.5587721,46.5856515975452,
-120.5718514,46.5922986975452,
-120.5993325,46.5927371975452,
-120.5308568,46.6087026975452,
-120.5183147,46.6095017975452,
-120.5308503,46.6128032975452,
-120.5302061,46.6145916975452,
-120.537171,46.6128191975452,
-120.5836388,46.5998346975452,
-120.4128974,46.9759500975452,
-121.0634316,46.9412567975452,
-122.8989767,46.1199232975452,
-122.9444443,46.1227454975452,
-122.9456727,46.1222694975452,
-122.9134192,46.1396698975452,
-122.964287,46.1474564975452,
-122.911614,46.1668122975452,
-122.9697889,46.4017291975452,
-122.9383422,46.4934808975452,
-122.7245953,46.5757788975452,
-122.9532255,46.7454557975452,
-122.7413846,46.9852773975452,
-123.0598637,46.6279855975452,
-123.7280187,46.6886229975452,
-123.7931076,46.9708441975452,
-120.3030964,47.4105212975452,
-120.3243563,47.4154366975452,
-120.3459815,47.4299710975452,
-120.2976909,47.4619988975452,
-120.0912501,47.8401016975452,
-120.7087605,47.8187570975452,
-121.7024213,47.8576828975452,
-121.9045219,47.9895858975452,
-122.3381425,47.0428101975452,
-122.3994917,47.0966266975452,
-122.4354735,47.0989583975452,
-122.4351387,47.1059307975452,
-122.4344382,47.1198823975452,
-122.1434762,47.1646373975452,
-122.2296169,47.1705156975452,
-122.2019269,47.2284984975452,
-122.3033814,47.1610519975452,
-122.3569173,47.1806959975452,
-122.4057251,47.1619100975452,
-122.4152228,47.1674720975452,
-122.4668741,47.1615671975452,
-122.4838952,47.1614527975452,
-122.4835025,47.1796727975452,
-122.3186579,47.2056701975452,
-122.29356,47.2357761975452,
-122.3714251,47.2428675975452,
-122.4840885,47.1899312975452,
-122.4079782,47.2291386975452,
-122.449429,47.2435330975452,
-122.4501908,47.2439446975452,
-122.4951419,47.2430814975452,
-122.706299,47.0538894975452,
-122.7776185,47.0538279975452,
-122.8184193,47.0346148975452,
-122.8341293,47.0436271975452,
-122.8466109,47.0374552975452,
-122.8450987,47.0445272975452,
-122.8331307,47.0477588975452,
-122.8339994,47.0476335975452,
-122.8447731,47.0470090975452,
-122.9224283,47.0240616975452,
-122.7816211,47.0826840975452,
-122.8449112,47.0808394975452,
-122.9281982,47.0632102975452,
-122.5806106,47.1604462975452,
-122.5747624,47.1765807975452,
-122.5753329,47.1770869975452,
-122.5081905,47.1972867975452,
-122.2219866,47.3074072975452,
-122.3224345,47.2830866975452,
-122.4892679,47.2502536975452,
-122.248629,47.4974894975452,
-122.3335219,47.4887346975452,
-123.0667687,47.0413192975452,
-123.2669075,47.0554792975452,
-123.4196642,47.0032573975452,
-123.4440031,47.0004566975452,
-123.9591077,47.2324480975452,
-123.8924235,47.4588520975452,
-122.3552534,47.7320515975452,
-122.2722952,47.8749725975452,
-122.2076098,47.9220900975452,
-122.1965963,47.9677293975452,
-124.0208466,46.7242524975452,
-124.2024862,47.2087023975452,
-124.3325352,47.5351927975452,
-124.3711642,47.6053903975452,
-117.7152893,48.2724797975452,
-117.4180469,48.7415525975452,
-117.3904976,48.8513497975452,
-118.1985701,48.0711826975452,
-118.6833691,48.0775665975452,
-118.2043341,48.2959390975452,
-119.5258214,48.4153236975452,
-118.0562124,48.6110225975452,
-119.7504829,48.5585668975452,
-119.6342922,48.8218269975452,
-120.1162451,48.2483710975452,
-120.1192656,48.3601149975452,
-121.8991837,48.5299971975452,
-122.7587928,48.0317006975452,
-122.7585991,48.0325778975452,
-122.3658507,48.4300673975452,
-123.438789,48.1214344975452,
-122.3372571,48.5070321975452,
-122.6243449,48.5294126975452,
-122.9129339,48.5260579975452,
-122.4864064,48.8556446975452,
-122.4867872,48.8560223975452,
-122.2653432,48.9940255975452,
-123.0669538,48.9848135975452,
-123.0673588,48.9851233975452,
-119.43456625,48.93928925,76
-122.63788125,47.7472519,76
-120.4475211,46.60599345,7-Eleven
-122.206557949995,47.9075561973905,ARCO
-122.28080945,47.75211915,ARCO
-123.06849230021,48.999900700013,CanAm Gas
-122.184362404233,47.7434227000141,Chevron
-119.435020763973,48.9460574511067,Chevron
-122.604872403987,47.3586433499535,Costco Gasoline
-118.505667932092,48.9964919000435,Danville Market
-122.485657124943,48.7908367494426,Meridian Super Mart
-119.434981591111,48.9482761106444,Quick Stop
-122.460378942385,48.7726819201246,Safeway
-122.5776499261,47.3019469504072,Safeway
-122.793199497964,48.10354005,Sea Breeze
-122.485673125033,48.7865904001648,Shell
-118.22519802737,48.9978044996938,US Eh Gas Convenience Store
-117.6350943,48.9916913,Waneta Quick Stop
-122.208520882689,47.7639462998912,
-120.184384890048,48.4775045006035,
-122.18550565,47.76852155,
-118.339981046746,46.068049874996,Chevron
-122.540307575305,47.8101415496204,Mobil
-122.396922690181,47.9922503729612,Naomi's Gas and Grocery (Mobil)
-122.293498124962,47.1361672998898,Safeway 2640 Fuel Station
-119.11796115,46.241182,USA Gasoline
-122.35341615031,47.5072948500098,
-122.353366504867,47.5074136038996,
-122.460732632078,47.445230608549,Chevron
-123.011060064322,46.7931431994872,24 Hour CFN - End of the Trail III
-122.18620295,47.71180075,76
-122.1767991,47.32225645,76
-122.314444148873,47.5813182000168,76
-122.3040702,47.84634435,76
-122.32820455,47.29820625,76
-122.169720724954,47.5765612504591,76
-121.982045826014,47.199647550547,76
-122.045500383023,47.3920363556607,76
-122.288059999493,47.4169993999908,76
-122.530339131825,45.6431219994551,76
-122.1319186,47.61678965,76
-122.370963050333,47.5172659499953,76
-122.243610355284,47.4580802521229,76
-122.3497221,47.6622945,76
-122.32859965,48.3986181,76
-121.780108,47.4920312,76
-120.661288854391,47.5966236500765,76
-122.237626250326,47.7092281999928,76
-122.376536499839,47.6706826499984,76
-122.363704846021,47.8216867005057,76
-122.377131623846,47.6482869136922,76
-119.0102266,47.93929075,76
-122.333573874937,47.4600771998432,76
-122.2306663,47.8816625,76
-122.542017862972,47.8093030945267,76
-122.24181667665,48.2375644000507,76
-122.199928118049,47.4446328502481,76
-122.5047845,45.6208118,76
-122.564548574722,45.6212356507936,76
-122.565482834231,45.6630600497785,76
-122.6376725,45.66750335,76
-120.324594744518,47.4363809611322,76
-121.8232962,47.5265451,76
-122.35661051915,47.110571107288,76
-122.357791251474,47.191458936548,76
-122.50389035,47.14927535,76
-122.518699555056,47.1867617826336,76
-122.536458,47.21328105,76
-122.213883051426,47.2942496499559,76
-122.0055614,47.31916265,76
-122.31382205,47.3047757,76
-122.271120398647,47.3431664000281,76
-122.31262651428,47.3293138496354,76
-122.324339726497,47.4034790491805,76
-122.27096345,47.48472695,76
-122.280417999892,47.5347898499977,76
-122.392499334662,47.536421155932,76
-122.227593703418,47.6352781048826,76
-122.177002974907,47.7037087003728,76
-122.2081583,47.72344895,76
-122.656340030458,47.5238615502461,76
-122.628379230686,47.6072576338466,76
-122.706989431777,47.6541201996778,76
-122.236257958732,47.8491716501353,76
-122.261320021704,47.7582334507487,76
-122.3358337,47.77797375,76
-122.28230815,47.84986225,76
-122.180975222343,48.0520301924108,76
-122.126680975093,48.1915648006368,76
-122.3121391,47.61507055,7-Eleven
-122.354131245259,47.6719089001763,7-Eleven
-122.233459184962,47.4416486973765,7-Eleven
-122.342690941126,47.6551810996676,7-Eleven
-122.293447264355,47.2498440506423,7-Eleven
-122.504708149235,45.6148617999844,7-Eleven
-122.646140945673,48.3039230519208,7-Eleven
-122.335178125,47.3225549992795,7-Eleven
-122.651868146287,45.7148120997814,7-Eleven
-122.2391682,47.88219505,7-Eleven
-122.376488425669,47.5207080007534,7-Eleven
-122.1951877,47.7334055,7-Eleven
-122.296136124895,47.4224538993007,7-Eleven
-122.387847075,47.6736151491088,7-Eleven
-122.181986479858,48.0760818499264,7-Eleven
-122.35770772617,47.1562219503795,Albertsons Gas
-122.20202315,47.37288935,Arco
-122.740314607433,45.9063672498895,Arco
-122.164438697088,47.6665906000266,Arco
-120.560631338558,46.6204561498454,Arco
-122.894447698601,46.1450395000552,Arco
-122.25422025,47.8500569,Arco
-122.182408619785,48.1527329764834,Arco
-122.242706750074,47.8823298500015,Arco
-122.646769287854,47.5671000465482,Arco
-122.629427947629,47.6319242501247,Arco
-122.2938074,47.8474978,Arco
-122.181756525019,48.0515910498069,Arco
-122.62509745,45.679076,ARCO
-122.50172687112,47.8016051879945,ARCO
-121.982079123932,47.1991650996869,ARCO
-122.659834846708,47.7040429000485,ARCO
-122.00700765,47.8727933,ARCO
-122.156966646666,47.5059972998307,ARCO
-122.328750124562,47.5837487952203,ARCO
-122.485860191148,48.9406380568375,ARCO
-122.8734565,46.54695405,ARCO
-122.209606058433,47.472954599863,ARCO
-122.288277181878,47.4655412997881,ARCO
-122.287914119084,47.5516307506915,ARCO
-122.3824587,47.6486891,ARCO
-122.313749726842,48.4358631949031,ARCO
-122.3447994,47.69080995,ARCO
-123.437059128399,48.1118699997372,ARCO
-122.66725095,45.6496064,ARCO
-122.36152015,47.5374603,ARCO
-122.65280965,45.7173087,ARCO
-122.271304757682,47.8362166998644,ARCO
-122.18488925,47.6170727999837,ARCO
-122.5048634,45.6215361,ARCO
-122.664776550009,45.6925975000392,ARCO
-122.504801998507,47.2068323999171,ARCO
-122.30305755,47.60762945,ARCO
-122.182652198484,48.0516261501229,ARCO
-122.342324279576,48.4345808004485,ARP
-122.62463185,45.68639795,Astro
-122.7448597,45.9083024,Astro
-122.0954811,47.3124829,Brookside Dispensers
-124.281443653183,48.0700961501065,Burnt Mountain Store
-117.443571713167,47.6824290498281,Cenex
-119.28776885301,47.6169049502945,Cenex
-122.314432100032,47.3047331499992,CFN
-122.537299832308,47.2428683020731,Checker's Gas
-122.938939220965,46.159168050769,Cheveron
-122.374791801983,47.69478430176,Chevron
-122.303204009435,47.8468587998688,Chevron
-122.290186775497,47.6815162495861,Chevron
-122.669698399379,45.6322087500111,Chevron
-122.207427022433,47.2456902720863,Chevron
-122.283747751931,47.5429497529107,Chevron
-122.469477735685,48.7357916590787,Chevron
-123.011040225576,46.7922960002122,Chevron
-122.3038646,47.3694472,Chevron
-122.1977681,47.3866919,Chevron
-122.135290710822,47.4645562497435,Chevron
-122.215495949131,47.4707947553396,Chevron
-122.208705,47.4733166,Chevron
-122.64346265,47.81735835,Chevron
-122.589904243786,47.3226118476456,Chevron
-122.629375005098,47.6066068079905,Chevron
-121.96391305,47.8574491,Chevron
-117.43603185,47.65229535,Chevron
-122.31298475,47.32215865,Chevron
-117.4107786,47.6849223,Chevron
-122.35673958045,47.1540786547736,Chevron
-122.388421211537,47.1544966001461,Chevron
-122.312865639507,48.4139381840299,Chevron
-119.9896804,46.94345425,Chevron
-122.150080323751,47.5956053430797,Chevron
-122.172308750016,47.6790670003999,Chevron
-123.440029449421,48.1213788000126,Chevron
-122.915080721204,47.0001898945889,Chevron
-122.34131165,48.34149395,Chevron
-122.589657398907,46.9335190500216,Chevron
-123.743372445353,46.972686500002,Chevron
-122.318091010587,47.290212199864,Chevron
-122.220793704941,47.440764250204,Chevron
-122.175368175733,47.4882439004728,Chevron
-122.206322149998,47.609939750161,Chevron
-122.317068974629,47.6058678504949,Chevron
-122.196830508722,47.5950071001729,Chevron
-122.05409935,47.35766035,Chevron
-122.043296040323,47.3887408501443,Chevron
-122.126916387591,47.6752007333536,Chevron
-120.479312390584,46.6773392354998,Chevron
-122.142577425,47.6168125986217,Chevron
-122.667251743734,45.6501180001478,Chevron
-122.599049794356,45.707510449843,Chevron
-122.2448941,47.90462695,Chevron
-122.122316175088,47.6171910003523,Chevron
-122.1805432,47.8782949,Chevron
-122.23690565,47.8816348,Chevron
-122.0450673,47.5516233,Chevron
-122.0453441,47.5516285,Chevron
-122.5761946,45.6583116,Chevron
-122.691946351673,45.6499176499748,Chevron
-122.63623755,45.65663685,Chevron
-122.55337845,45.693079,Chevron
-122.664822549231,45.693336350037,Chevron
-122.532223925339,45.7807371497052,Chevron
-122.551434147864,45.7809798421736,Chevron
-122.6647734,45.75078725,Chevron
-122.665112427805,45.7507166053716,Chevron
-122.7536923,45.9272998,Chevron
-122.845819830332,46.0098155497433,Chevron
-120.304011165336,47.4111536442205,Chevron
-121.7944373,47.48883055,Chevron
-120.015158745015,47.8396303500907,Chevron
-122.50433325,47.15910625,Chevron
-122.250350375042,47.2964010497898,Chevron
-122.382666374359,47.2968926497954,Chevron
-122.392278744288,47.3155134502893,Chevron
-122.82442705,47.45231655,Chevron
-122.120939409137,47.5561716497631,Chevron
-122.181438424742,47.6168822004302,Chevron
-122.376282050501,47.5341300999889,Chevron
-122.201296852897,47.6343597564372,Chevron
-122.30089475,47.6760145,Chevron
-122.331795199602,47.7088482499924,Chevron
-122.313198472411,47.7196159496489,Chevron
-122.76969995,47.6354094,Chevron
-122.262363773384,47.8495802993667,Chevron
-121.4326633,48.52686975,Chevron
-122.3130411,48.43534535,Chevron
-122.485918661938,48.9388596999523,Chevron
-122.0504198,47.1094726,Chuck's Service Gas & Diesel
-117.44807885,47.68503365,City Fuel
-117.506069271285,47.6172284001625,Conoco
-117.197010529563,47.6664683999215,Conoco
-118.365469100633,47.1188202499845,ConocoPhillips
-122.182717445741,47.6836143998339,Costco Gasoline
-122.343099799662,47.7744670500021,Costco Gasoline
-122.604108649778,45.6841506496689,Costco Gasoline
-117.380443424779,47.7670797997631,Costco Gasoline
-122.247676807008,47.4443858314151,Costco Gasoline
-117.3305752,47.6579486,Costco Gasoline
-122.337990675,48.4525135502064,Costco Gasoline
-117.04388205,46.42199425,Costco Gasoline
-123.124924973216,48.0780153026432,Costco Gasoline
-122.679267874677,47.6558038002807,Costco Gasoline
-122.14645575,47.7807599,Costco Gasoline
-122.2752283,47.8337584,Costco Gasoline
-122.194694,46.7663492,Elbe Supply
-122.43539525,47.40047725,Engels Repair & Towing Gas Pumps
-118.368656850484,47.117822200421,Exxon
-117.56121345,47.59016155,Exxon
-122.358789200606,47.2992423000106,Fred Meyer
-122.667594925034,45.7222848001122,Fred Meyer
-122.502823117629,45.6050162842872,Fred Meyer
-122.555502975863,45.618237650454,Fred Meyer
-122.550269325403,45.7811136004226,Fred Meyer
-122.626617575153,47.6109239495629,Fred Meyer Fuel
-122.197506,47.443733,Fred Meyer Fuel Center
-122.01822855,47.3625864,Fred Meyer Fuel Center
-122.2042953,47.38665045,Fred Meyer Fuel Center
-122.184578756382,47.7094543046113,Fred Meyer Gas
-122.1718965,48.0853107,Fred Meyer Gas
-122.271830575077,47.8466780498078,Fred Meyer Gas Station
-120.54983525,46.9878358,Fred Meyers Gas Station
-122.531834076548,48.0082292501584,Freeland Shell
-122.6488614,47.8026781,Hilltop 76
-122.385071824969,47.2452780996867,Loves
-123.5140849,48.10213715,Lower Elwha Fuel
-122.384382185765,47.6560933503683,Magnolia 76
-123.442355266105,48.121874055286,Masco Petroleum
-123.173462195597,48.080538949746,Masco Petroleum
-117.218578125027,47.6639222001357,Maverik
-120.55176035,46.9940909,Mid State Co-Op
-117.582129700676,47.4829299499333,Mitchell's Harvest Food
-122.660903450168,45.7797886499954,Mobil
-123.386749249805,48.1051583000034,Mobil
-123.43531515,48.1146537,Mobil
-122.651829574647,45.7241443495301,Mobil
-122.56140163689,45.6645652497859,Mobil
-122.97460965,46.67353355,Mobil
-122.505004712011,47.1596647501293,Mobil
-122.350318051184,47.4900265419202,Mobil
-122.6290006,47.58869915,Mobil
-122.62942285,47.632537,Mobil
-121.793952119367,47.4891922000802,Mt Si Shell
-123.448310842993,48.1201781496093,Pacific Petroleum
-122.229219224819,47.3737686992743,Pacific Pride
-122.041881353545,47.3931651025744,Pacific Pride
-122.3277503,48.433674,Pacific Pride
-121.715491452593,47.4688452969988,Pacific Pride
-122.683037175601,45.6267084485539,Pacific Pride
-121.984594287216,47.2007264501725,Pacific Pride
-122.24849804989,47.2473377000033,Pacific Pride
-122.329626396718,47.5745864849074,Pacific Pride
-122.12681355,48.19202245,Pacific Pride
-117.32764705,47.66474505,Pacific Pride Commercial Fueling
-121.989630870251,47.1997932999169,QFC Fuel
-123.274866505767,48.0939036997322,R Corner
-122.220457759103,47.9297900499551,Safeway
-122.650946975008,45.7159825501632,Safeway
-122.901300088206,46.1421462999074,Safeway
-122.019706660226,47.540241300576,Safeway
-122.312829470614,47.7554492699141,Safeway 0497 Fuel Station
-117.041665199546,48.1836215500028,Safeway 1159 Fuel Station
-122.337306125062,48.4362120998619,Safeway 1472 Fuel Station
-117.447192398029,47.7003779500197,Safeway 1494 Fuel Station
-122.62940650153,47.6202053022522,Safeway 1524 Fuel Station
-121.793605570906,47.4875577216784,Safeway 1528 Fuel Station
-122.690413318604,47.6524803386973,Safeway 1680 Fuel Station
-122.104387889419,48.0050583972473,Safeway 1803 Fuel Station
-122.205585757746,47.7228209500305,Safeway 2734 Fuel Station
-122.627778855614,47.519217199899,Safeway Gas
-122.318037725031,47.3147619496781,Safeway Gas
-122.315390953918,47.5177035499549,Shell
-122.350431949287,47.4887840010258,Shell
-122.344219382593,47.6816901401702,Shell
-122.200866666885,47.6784061998012,Shell
-122.356349469131,47.6189344362562,Shell
-122.7321414,48.99366765,Shell
-122.306570000728,47.6918005998404,Shell
-122.334406899713,47.7083168000039,Shell
-122.23770055,47.7096705,Shell
-122.177667675045,47.7085523496977,Shell
-122.31692877551,47.6610402544973,Shell
-122.163683375202,47.488898100504,Shell
-122.319019201768,47.6760544416769,Shell
-122.626040593188,45.6785067501245,Shell
-122.542318284091,47.8391955022851,Shell
-124.05508035,46.3312636,Shell
-122.326860308339,47.5956502499414,Shell
-121.716812217631,47.4676484000727,Shell
-122.369050229481,47.5171488004135,Shell
-122.3580442,47.6497451,Shell
-122.35046705,47.6622844,Shell
-122.350230674288,47.6623769007104,Shell
-122.179739533222,47.6170050036651,Shell
-122.1384888,47.35773525,Shell
-122.895968681988,46.1444176994478,Shell
-122.397773466166,47.0535911497754,Shell
-122.357712550317,47.1529595856748,Shell
-122.85810915,47.001449,Shell
-122.890746590125,47.039305449935,Shell
-122.599979923333,45.6572648006795,Shell
-122.143087025265,47.5859657498319,Shell
-122.313731402137,47.5813117419591,Shell
-122.58318875,47.7084845,Shell
-122.583660145687,47.7082507500369,Shell
-122.345898040643,48.4214447499173,Shell
-122.346056500386,47.6261066500111,Shell
-123.015973532222,46.1712633499636,Shell
-122.262511210498,46.8660634492721,Shell
-122.262691060942,46.8662418997815,Shell
-122.400090683142,47.0550821998373,Shell
-122.139874149957,47.5762099499992,Shell
-122.386942150071,47.543685449998,Shell
-122.316518524672,47.6083476007277,Shell
-122.320515874983,47.6143357996673,Shell
-122.36249025,47.70128005,Shell
-122.00822212108,47.8713796021776,Shell
-122.1850802,48.1521886289818,Shell
-123.470375975331,48.1062942003668,Shell
-122.485182975097,48.8911144495132,Shell
-122.365921600772,47.6684529999852,Shell
-122.34262675,48.4363355,Shell
-122.099534350127,47.6649615502078,Shell
-122.208115037991,47.8104780743447,Shell
-122.372762,47.79433655,Shell
-122.191184052434,47.5453088997452,Shell
-122.504482949285,45.5969865999804,Shell
-122.657898,45.71801645,Shell
-122.3213008,47.54724915,Shell
-122.646714201598,45.6422727999602,Shell
-122.708257150262,45.7123696499949,Shell
-122.230785874695,47.8822289997102,Shell
-122.236610625399,47.8821731497055,Shell
-122.4707389,48.44693965,Shell
-123.414841015622,48.112765199852,Shell
-122.42773295,45.58141765,Shell
-122.6016511,45.6841011,Shell
-122.667160590135,45.6787922671878,Shell
-122.552292839918,45.7077139998323,Shell
-122.654142288311,45.6969721501207,Shell
-122.67027905,45.86263215,Shell
-121.876094377609,47.528654849637,Shell
-122.249210534938,47.2360776442494,Shell
-122.50230275,47.15018385,Shell
-122.518403701657,47.1767209497748,Shell
-122.505986072062,47.2060787498674,Shell
-122.223367838989,47.4408057499216,Shell
-122.233229332317,47.4682731806706,Shell
-122.333617524913,47.4630083497511,Shell
-122.28513476328,47.4718030496433,Shell
-122.271589671965,47.4849092997751,Shell
-122.037372566687,47.6153443979,Shell
-122.16769505,47.58162545,Shell
-122.14953725,47.5959408,Shell
-122.153087975087,47.6173725996526,Shell
-122.184035500065,47.7440077499991,Shell
-122.207181958617,47.7208544496698,Shell
-122.665352740655,47.570082549923,Shell
-122.29269415,47.8176655,Shell
-122.2929999,47.8174755,Shell
-122.097808085003,47.9268280995093,Shell
-121.434169956637,48.5264870655651,Shell
-122.570787600323,48.4620776000096,Shell
-122.5343293,48.00954335,Short Stop
-122.26258505,47.82085425,Spirit
-122.14057085,47.57630395,Standard
-117.45099305,47.6489754,Sunset Food Mart
-122.382594650035,47.2428958499995,Tahoma
-122.0204274,47.36125435,Texaco
-122.171535324101,47.6790761004269,Texaco
-124.05511935,46.33276785,Texaco
-123.43164735,48.1179409,Texaco
-122.2295281,47.8816977,Texaco
-122.0439921,47.35816775,Texaco
-122.87102015,46.5467868,Texaco
-122.503936823795,47.1416529897996,Texaco
-123.709933988485,48.0850805999714,Texaco
-122.18833555,48.0538162,Tulalip Tribes
-119.4375161,48.937238,USA Gasoline
-122.916931082065,46.9995483550283,USA Gasoline
-122.33225565,48.4001932,Valero
-122.27050442409,47.5366832505788,Valero
-122.636306025769,45.6535207508083,Valero
-122.32674667156,47.6615481316363,Wallingford Shell
-122.521728924388,45.6727340992358,Y Mart
-122.6309411,47.50457505,
-122.6430858,47.50277,
-122.299709893435,47.7108720501968,
-122.631001208659,47.5051914498988,
-117.3949147,47.71811435,
-122.349872975396,47.6623704007859,
-117.40379356447,47.7695554999461,
-117.39464515,47.70081745,
-117.4017234,47.62019675,
-117.4336137,47.65461535,
-117.3946998,47.736369,
-120.4772048,46.58488145,
-122.369624974906,47.0140887003745,
-122.525941453841,47.2423842209673,
-123.140170072719,47.2444991497451,
-122.61081225,47.5051527,
-124.38818445,47.9568886,
-123.37306148526,48.1045047745626,
-117.410771525081,47.6548462502035,
-122.154312000733,47.628240099993,
-122.422477500502,47.0735558999928,
-122.308106450921,47.7772584497518,
-117.443077924092,47.6681228491377,
-117.24009875,47.6704228,
-117.41092205,47.72970905,
-117.2939375,47.6790002,
-117.4116218,47.66587735,
-117.05292705,46.34083815,
-117.4321903,47.6180914,
-117.2819404,47.6698344,
-117.3885193,47.67871525,
-117.39688525,47.67593145,
-117.5775166,47.6424793,
-117.477180674712,47.9512222004794,
-118.2534591,47.48654255,
-117.36543495,47.6858837,
-117.20279885,47.69548205,
-117.1117147,47.6741318,
-117.19634154943,47.6529855000098,
-117.375527212014,47.6535015001693,
-117.434692848276,47.6459478000332,
-117.4266909,47.7005462,
-117.44070005,47.71564535,
-117.48332285,47.7177457,
-118.693965923584,47.3346308993858,
-118.146626,47.65419145,
-117.35715865,47.65705535,
-117.426201934854,47.6536931034129,
-117.4115464,47.70038725,
-117.97332045,47.29783535,
-117.19613995,47.66644355,
-117.325991249816,47.6646346999571,
-117.570602171896,47.6435071475411,
-117.353867097749,47.7869576499657,
-117.477440966443,47.9436947719145,
-117.3843442,47.7151673,
-117.448746,47.7004176,
-119.550278258472,47.3229733496838,
-120.276684716256,46.4045561500246,
-122.435035124752,47.1371242507021,
-122.65266005,47.49799245,
-122.62949135,47.6265505,
-120.12224875,48.3658736,
-117.435216359392,47.6533258491718,
-117.4264223,47.67792865,
-117.3953771,47.6882861,
-117.42151005,47.7153414,
-117.250220630939,47.6176132998867,
-117.239295457061,47.6713908500891,
-117.40027015,47.6548082,
-117.435892226314,47.653807759868,
-117.39633565,47.67547205,
-117.36426245,47.672039,
-117.280706,47.6573024,
-117.40222065,47.62784585,
-117.240113509606,47.6281319998793,
-117.1727104,47.65667405,
-117.315950200732,47.6635640499892,
-117.3895416,47.64761245,
-117.36518225,47.7323195,
-117.37862105,47.688844,
-117.576584862598,47.6433368946759,
-117.478858574542,47.9580423504778,
-117.3953707,47.7009424,
-117.3678023,47.61212065,
-117.674016024721,47.5790777503098,
-117.309863549842,47.6567475999932,
-117.28234675,47.6712631,
-117.415314099697,47.6533844499892,
-117.42466045,47.65474405,
-117.436810906297,47.6751913496128,
-117.36498485,47.7109646,
-117.434847554535,47.7083334297711,
-117.351668855153,47.7912548498596,
-117.34931015,47.9703595,
-117.42168425,47.74746565,
-117.240255108175,47.6517995500873,
-117.262179356715,47.6256855002276,
-117.39591655,47.71483825,
-117.068328550888,47.7247255500271,
-117.41094018381,47.6538257902174,
-117.218457641966,47.6645061998882,
-117.19668565,47.5213538,
-117.153242322627,47.6608052001616,
-117.261825740906,47.6422192501327,
-117.3574871,47.66215575,
-117.560287744362,47.6433284988435,
-117.421683325397,47.8692476495589,
-118.157242026107,47.6538551506445,
-118.9952786,47.9342824,
-117.22441835,47.6280852,
-117.35961865,47.65204875,
-122.2376295,47.75669755,
-117.349187307921,47.9709077503042,
-117.2402828,47.6610242,
-117.28323965,47.67764895,
-117.3480499,47.8015235,
-117.39678225,47.67651185,
-117.36069245,47.6545241,
-117.2839623,47.6813408,
-117.219218774667,47.6947012504858,
-117.568986939876,47.5939555000846,
-117.32310785,47.6755825,
-117.15393475,47.6605888,
-117.2069682,47.6567852,
-117.41390025,47.654759,
-117.4854878,47.7394858,
-117.396295,47.66985055,
-117.363398549718,47.6400176000049,
-122.999641127787,46.1640153001385,
-122.65262505,47.49739,
-117.068237700128,47.7249616000055,
-117.51184285,47.62081725,
-122.314429913695,48.4353861796241,
-117.42496275,47.7154139,
-117.239136607976,47.6776554000055,
-122.886220493951,46.4757118998565,
-122.55765815,45.657444,
-120.73953895,47.7558054,
-122.43546565,47.0846136,
-122.434430300234,47.1121135500091,
-122.434312149507,47.1367214999853,
-122.796268912833,47.050177200842,
-122.1433792,47.60955605,
-122.568041386652,47.5336295501082,
-122.63192305,47.50529975,
-122.819151700714,48.0491099999777,
-117.5938079,47.6426887,
-117.437202075055,47.6742792994542,
-117.612424891067,47.643631650935,
-117.3960195,47.7004655,
-122.895572259302,46.9755778994029,
-117.462363240211,47.7180613001102,
-117.35538215,47.7647211,
-119.65883335,47.99975475,
-122.02446026975,47.4734707501327,
-122.635983100106,45.6708698999982,
-117.42684445,47.68608145,
-117.36516705,47.7006606,
-117.3649887,47.7007788,
-120.586213767359,47.0079204024436,
-122.485258174628,48.8328873510635,
-122.48542845,48.83304115,
-122.7489187,48.99839625,
-122.74935645003,48.9987049500007,
-122.2921577,47.46236185,
-124.376735361761,48.0424647994499,
-117.19407495,47.6575537,
-117.5770816,47.8149698,
-118.226804926825,47.2091239003761,
-119.483423475238,47.3890948504446,
-122.486491225121,45.7389186504835,
-122.6408742,45.6259246,
-122.904993323397,46.9825148496568,
-120.556950954948,47.0002625000602,
-120.556911845301,47.0003339003241,
-120.286658957853,47.4057479997827,
-120.29395808265,47.4157613786203,
-120.324513392451,47.4396417112238,
-120.325616667934,47.4426462028502,
-122.384587846554,47.2449433686927,
-122.923168343256,47.0278558501115,
-122.537704545241,47.2168802585605,
-122.82683555,47.45245765,
-122.376428724696,47.5230737497248,
-122.355075586274,47.652562390281,
-122.301152575476,47.6629214505934,
-122.675401580099,47.5584558002274,
-122.672683651157,47.5679682000157,
-122.684664,47.6608937,
-122.153083679822,47.7542193006116,
-122.240851855887,47.8498522999058,
-122.269169825352,47.7689220492193,
-122.29205175,47.8060477,
-122.322403475342,47.7993457504017,
-122.282263673909,47.8502912991617,
-122.240861843014,47.9216082500897,
-122.2398436,47.922085,
-117.20820335,48.11897475,
-122.170892053579,48.086179400296,
-122.486186175,48.8918549506658,
-122.514327420425,48.7892672265491,
-124.34772635,48.056204,
-122.217965538895,47.8491925789144,76
-122.0349771,47.61615245,76
-122.30037845,47.6666763,76
-122.2489132,47.411892,76
-122.6395786,47.74054035,76
-122.520096375157,48.7864100508639,76
-122.2259947,47.30173525,76
-122.346904798984,47.7772858999844,76
-122.349725448149,47.6188382948896,76
-122.230713473717,47.3870586963506,76
-122.273678183271,47.1914216498142,76
-122.2954645,47.4509775,76
-122.295815827493,47.4230175963019,76
-122.201328714598,47.6457058600587,76
-122.296474750186,47.5781015499975,76
-122.28534085,47.54635065,76
-122.292227821062,47.3580499493085,76
-122.161215453177,47.4888474500587,76
-122.025296747632,47.6447961260885,76
-122.433656324844,47.1994687992212,76
-122.314792806012,47.8207260025636,76
-122.4702395,48.73327165,76
-122.275858949528,47.434116950007,76
-122.300190460834,47.3146322153035,76
-122.2042767,47.3722334,76
-122.122698595743,47.357753586602,76
-122.326884286335,47.5458898996376,76
-122.36171745,47.2830031,76
-122.23275135,47.30738695,76
-122.25407265113,47.3815106000112,76
-120.54125075,46.9753686,76
-122.231310724546,47.3806188493949,76
-122.121891375764,47.4884586504927,76
-122.3552306,47.7053592,76
-122.344032539629,47.6901386103178,76
-122.227697,47.40441715,76
-122.1861497,47.5008635,76
-119.0946193,46.24617225,76
-121.488396192252,45.7235058002942,76
-122.405154969309,45.584584500618,76
-122.5553965,45.6214482,76
-122.6002045,45.6445619,76
-122.552053523811,45.6782434061054,76
-122.64217565,45.63787355,76
-122.6812631,45.64040565,76
-122.662046449342,45.6811800583746,76
-123.237145469352,46.8407175992943,76
-120.674624,47.5884012,76
-121.974081192869,47.859799663068,76
-122.357711675696,47.1602575943978,76
-122.468416275573,47.1557064575565,76
-122.106637649936,47.358422855307,76
-122.256496348944,47.2729336500352,76
-122.196772,47.4305855,76
-122.2199692,47.4407905,76
-122.24487902276,47.4971217996259,76
-122.28752235,47.46720155,76
-122.14358477463,47.6319367758911,76
-122.344676049712,47.7193556000052,76
-122.207137311018,47.8098192050967,76
-122.20614745,48.18807445,76
-122.63088875,48.3314332,76
-122.24795345751,47.387021600125,7-Eleven
-122.2581292,47.48759535,7-Eleven
-122.38698705,47.5699821,7-Eleven
-122.22863055906,47.2721426003306,7-Eleven
-122.375770000041,47.5642345500013,7-Eleven
-122.370452950209,47.66340460358,7-Eleven
-122.53506195,45.6235877,7-Eleven
-122.573336,45.6208592,7-Eleven
-122.575504308127,45.6775261498391,7-Eleven
-122.66447995,45.66758035,7-Eleven
-123.885877125549,46.9820631505438,7-Eleven
-122.2083684,47.29032405,7-Eleven
-122.221303900271,47.3267430500075,7-Eleven
-122.301638105009,47.3436075497153,7-Eleven
-122.230881944174,47.377611500305,7-Eleven
-122.186674,47.4521765,7-Eleven
-122.3128846,47.71915005,7-Eleven
-122.21133385,47.8348458,7-Eleven
-122.572865421351,47.0901729998213,Alternative Fuel
-122.22860415,47.41971205,APP Total Fuel Management
-122.43478305,47.1486215,Arco
-122.296908281626,47.3862107634144,Arco
-122.304641549892,47.3154470499976,Arco
-122.355161912491,47.7338402103539,Arco
-122.609094775957,47.5199074400995,Arco
-122.402601926959,45.5859468003374,Arco
-122.558426801156,45.6424206498773,Arco
-122.64103205,45.6280228,Arco
-122.211304808671,47.9635022695999,Arco
-122.2292388,47.32114805,ARCO
-122.519663650262,48.785539149996,ARCO
-122.536680953228,47.2355935253268,ARCO
-122.484224550986,47.2315323737237,ARCO
-122.525730700058,47.1393593275841,ARCO
-122.197155224879,47.5186390003464,ARCO
-122.1798968,47.48784395,ARCO
-122.51557375,47.26020165,ARCO
-122.313851520274,47.3154139026187,ARCO
-122.31738685,47.70835585,ARCO
-122.284256023986,47.3153379503041,ARCO
-122.3350251,48.45234595,ARCO
-122.260092719559,47.464055899799,ARCO
-122.29413795,47.1772106,ARCO
-122.65485235,48.2957129,ARCO
-122.256706693312,47.2722329497967,ARCO
-122.3199799,47.5385951,ARCO
-122.309092764401,47.357699250137,ARCO
-122.218216024479,47.4852310001541,ARCO
-122.25901335,47.38134805,ARCO
-122.165553822597,47.5380294052463,ARCO
-122.143529441876,47.6267774028264,ARCO
-122.344221183958,47.7052677590853,ARCO
-122.10745,47.358427,ARCO
-122.227533860292,47.4117393501549,ARCO
-122.600646747813,45.6369840500833,ARCO
-122.532146101534,45.6727539500863,ARCO
-122.684111328359,45.817227649725,ARCO
-122.940962797642,46.1266943996854,ARCO
-122.46754405,47.15620375,ARCO
-122.221881133902,47.3399250498847,ARCO
-122.916427415782,46.1458278495889,Astro
-122.916808005964,46.1459210498416,Astro
-122.574832649733,45.6776038999917,Astro
-122.22546395,47.30027205,Cenex
-117.260893675104,47.6567414004156,Cenex
-122.002958203025,47.3085834000903,Cenex
-122.03404495,47.53614555,Cenex
-122.70064345,45.85314085,CFN
-122.901005348017,46.2849005215974,CFN
-119.0951568,46.2416143,Cheveron
-122.503393774079,45.6020426995282,Cheveron
-122.900641464029,46.284897393741,Cheveron
-122.186257718943,47.366357149196,Chevron
-122.169135048323,47.5768334935021,Chevron
-122.142420870462,47.6101790833195,Chevron
-122.142900674399,47.6547238494291,Chevron
-122.375813769923,47.6358051994906,Chevron
-122.5269063,47.25582005,Chevron
-122.228232800915,47.3022231500079,Chevron
-122.741765906074,45.9066472500581,Chevron
-122.217800850952,47.2975999999534,Chevron
-122.502883,47.23409135,Chevron
-122.231485924979,47.3862377502132,Chevron
-122.178165279667,47.5028380000739,Chevron
-122.297230182574,47.7153482006175,Chevron
-122.5091672,47.1903295,Chevron
-122.283270564974,47.3153157998964,Chevron
-122.209980159989,47.7045152463454,Chevron
-122.103099984455,47.667836494095,Chevron
-122.36289659692,47.6904822000502,Chevron
-122.43370115,47.16198635,Chevron
-122.4345347,47.0976925,Chevron
-122.296865720674,47.3867988110612,Chevron
-122.401435099883,47.1570891523472,Chevron
-122.21782585,47.48393025,Chevron
-122.47939265,47.2064386,Chevron
-122.46006335,47.19125935,Chevron
-122.303708575218,47.1603595503107,Chevron
-122.384362200124,47.5813651999982,Chevron
-122.468396216772,47.1561502000871,Chevron
-122.00265546658,47.8490371280659,Chevron
-122.247794424318,47.3808918335656,Chevron
-122.9080498,46.14421235,Chevron
-122.93304915,46.14611985,Chevron
-122.943091673556,46.1155733007582,Chevron
-122.96265255,46.1477664,Chevron
-122.892053374976,46.4182457495265,Chevron
-122.322816819476,47.502816699111,Chevron
-122.281903449541,47.7515657709272,Chevron
-122.312704177135,47.2829775998168,Chevron
-118.36775235,47.1178450999861,Chevron
-122.644606974352,45.7170862995372,Chevron
-122.228401330356,47.3532321497062,Chevron
-122.22841665,47.41167405,Chevron
-122.2490047,47.4233839,Chevron
-122.6892001,45.81555975,Chevron
-122.51837505,48.45660425,Chevron
-122.378925128937,45.5810074887584,Chevron
-122.478238618904,45.593579650462,Chevron
-122.55525965,45.617745,Chevron
-122.5066339,45.6361265,Chevron
-122.53118475,45.64260845,Chevron
-122.600196149353,45.640920850009,Chevron
-122.5482847,45.6687747,Chevron
-122.62565455,45.63896725,Chevron
-122.66889385,45.8629484,Chevron
-121.41249985,47.4229556,Chevron
-122.645066013215,47.0933124000583,Chevron
-122.221898349613,47.3211871999968,Chevron
-122.147822,47.48814135,Chevron
-122.296922578254,47.4230125009731,Chevron
-122.260884325,47.4556678496897,Chevron
-122.334175603205,47.4408595999572,Chevron
-122.28489195,47.4739285,Chevron
-122.5152296,47.29798175,Chevron
-122.1653842,47.50440915,Chevron
-122.19967055,47.5181454,Chevron
-122.1680868,47.62163925,Chevron
-122.291113605383,47.5061374499149,Chevron
-122.3868029,47.5814902,Chevron
-122.1327716,47.63208595,Chevron
-122.04069230873,47.6951843501478,Chevron
-122.322686298751,47.6904791500392,Chevron
-122.57964675,47.3038031,Chevron Gig Harbor
-119.221024329173,46.27126414994,Circle K
-120.547926,46.9910354,Circle K
-122.233851549711,47.4227236999952,Commercial Fueling
-120.5090766,46.58547805,Conoco
-122.121759336087,47.3540663000195,Costco Gasoline
-122.312990374703,47.2865080494069,Costco Gasoline
-122.4754291,45.6228846,Costco Gasoline
-122.091347099425,47.6725127999968,Costco Gasoline
-122.309966875,47.8263745497919,Costco Gasoline
-122.158076994269,47.1681050637466,Costco Gasoline
-122.30132565,46.0522093,Cougar Store
-122.3554517,47.3226312,Dash Point ARCO
-122.356428876715,47.3225845004143,Dash Point Chevron
-120.54320975,46.97706665,Eagle Truck Stop
-122.572915178002,47.0905961498766,Express
-122.57655085,45.67794,Five Corners
-122.963394339693,46.1479179002473,Fred Meyer
-122.296339550003,47.199741250004,Fred Meyer
-122.5506024,45.6774209,Fred Meyer
-122.663302550278,45.6755587999966,Fred Meyer
-122.224767198193,47.3161230999868,Fred Meyer Fuel Center
-122.1202393,47.35617485,Fred Meyer Fuel Center
-122.300624318362,47.3737399501258,Fred Meyer Fuel Stop
-122.2166748,47.47785115,Fred Meyer Gas
-121.977003615739,47.8634326464909,Fred Meyer Gas
-122.333339,47.47543715,Fred Meyer Gas Station
-122.232673924792,47.3113933004152,Fuel Farm
-122.2702473,47.4851317,Fuelman
-122.90757655,46.27588705,Gasco
-122.671232374923,45.6378118007692,Gas Express
-123.457483421103,48.1202708528072,Grandview Grocery
-122.329398078517,47.5748481892119,Gull
-122.272178738671,48.2685843427113,Interstate Gas
-124.05037295,46.490942,Jack's Gas II
-122.637418121241,45.6176605491671,Jubitz
-122.656188621963,45.7197645002638,Jubitz
-122.85223705,46.01897005,Jubitz
-122.197327674248,47.4161789023837,Kangaroo
-122.202802999665,47.3867407000103,Kangaroo
-118.607931792353,48.8015102095677,Malo Store
-122.51920135,48.7870425,Market Fuel
-122.86035805,48.4451113,Mini Market
-122.98389065,46.155496,Minit Shop
-122.218318749685,47.4719050500033,Mobil
-122.248452122324,47.3881555500682,Mobil
-122.604282957905,45.6275761991995,Mobil
-122.156083399872,47.50553529978,Mobil
-122.169479154006,48.1242055,Navy Exchange Mini Mart & Gas
-122.169834292773,48.1242042431217,Navy Exchange Mini Mart & Gas
-122.178941239407,47.5513295541844,Newport Hills Chevron
-119.434704725806,48.9352984995407,Pacific Pride
-122.26922059459,47.4824617934106,Pacific Pride
-122.899544227093,46.2854596502278,Pacific Pride
-117.407712570548,47.6805482452536,Pacific Pride
-122.59869825,45.6455717,Pacific Pride
-122.7454008,45.91188045,Pacific Pride
-122.92281425,46.1464934,Pacific Pride
-122.92268504472,46.1466944002432,Pacific Pride
-122.33617565,48.41962795,Pacific Pride Commercial Fuels
-122.342823996932,48.4667514499045,Pacific Pride Commercial Fuels
-119.4594561,48.9935208,P D
-124.053226627408,46.3670419502037,Pioneer Market
-122.298274279476,47.8400346486792,QFC
-122.3113421,47.73372135,QFC
-122.15670525,47.4881979,QFC Gas
-122.381632825419,47.2938857997865,QFC Gas
-122.61307815,48.51369585,Safeway
-122.407279108472,47.1914920998649,Safeway
-122.226218951433,47.3060056823291,Safeway
-122.89825755,47.0179466,Safeway
-122.941940475662,47.0467987995864,Safeway
-122.979554446678,46.7278896860238,Safeway
-122.2986113,47.40914215,Safeway
-122.82935325,47.04863595,Safeway
-122.765049415024,47.0571632010317,Safeway
-122.5068591,45.6717701,Safeway
-122.401012165593,45.5862028585241,Safeway
-117.40005512915,47.7505302500556,Safeway
-122.658568542838,48.2886279499293,Safeway
-119.161997124617,46.2092800997365,Safeway
-122.515465695501,47.2736728155997,Safeway
-122.53205875,45.61767495,Safeway
-117.906355624335,48.5481897820691,Safeway 0385 Fuel Station
-120.51777940609,46.6034267123907,Safeway 0462 Fuel Station
-122.200741700382,47.9953532499979,Safeway 0474 Fuel Station
-122.154193315858,47.6247038694021,Safeway 04940
-122.175082839066,47.7329168022189,Safeway 0526 Fuel Station
-122.180400177583,48.1520868003752,Safeway 0534 Fuel Station
-122.144598452663,47.1670416999474,Safeway 0544 Fuel Station
-120.32144075,46.3753833,Safeway 0584 Fuel Station
-120.95483075,47.1950974,Safeway 1135 Fuel Station
-122.376374149279,47.6889751999919,Safeway 1143 Fuel Station
-120.538606949838,46.5851513000016,Safeway 1235 Fuel Station
-122.452679477918,47.2229069004083,Safeway 1437 Fuel Station
-123.115028905607,48.0800684499037,Safeway 1448 Fuel Station
-120.324169524267,47.4300660004188,Safeway 1449 Fuel Station
-122.375673909175,47.6683251143924,Safeway 1477 Fuel Station
-122.211330080324,47.9628956211795,Safeway 1484 Fuel Station
-122.176429174959,48.0620489997272,Safeway 1485 Fuel Station
-123.4338057,48.11640045,Safeway 1492
-122.126808205737,48.1816674918792,Safeway 1522 Fuel Station
-119.558567799999,47.3103772004046,Safeway 1544 Fuel Station
-123.81966255,46.9712121,Safeway 1546 Fuel Station
-122.21579519926,47.4799798997327,Safeway 1563 Fuel Station
-121.986493849233,47.7275409999866,Safeway 1572 Fuel Station
-120.646779650542,47.5970312832542,Safeway 1589 Fuel Station
-119.893403121766,46.25574961116,Safeway 1593 Fuel Station
-122.44228370441,47.2066687994319,Safeway 1594 Fuel Station
-122.595002174894,46.9346813498484,Safeway 1619 Fuel Station
-122.520087023746,47.1646962218972,Safeway 1645 Fuel Station
-120.491473542425,46.5780510693906,Safeway 1660 Fuel Station
-117.3655691,47.6943544,Safeway 1799 Fuel Station
-123.380420655058,48.104978949913,Safeway 1922 Fuel Station
-122.36805425541,47.517059950097,Safeway 1923 Fuel Station
-122.485956349502,48.933953649992,Safeway 1930 Fuel Station
-122.269422177611,47.5208458390418,Safeway 1965 Fuel Station
-117.177309721242,46.7150171707497,Safeway 2639 Fuel Station
-122.154758453645,47.8760951499755,Safeway 2645 Fuel Station
-122.384792599084,47.5809778929974,Safeway 2932 Fuel Station
-119.269576018916,47.130665193954,Safeway 3252 Fuel Station
-120.018883596477,47.8423403389791,Safeway 3265 Fuel Station
-122.247160413656,47.7583642496028,Safeway 3500 Fuel Station
-120.2813539,47.40565095,Safeway 3521 Fuel Station
-122.282882685819,47.8638714969049,Safeway 3523 Fuel Station
-122.776072593341,48.1084807500156,Safeway 4608 Fuel Station
-122.74727955,45.9115737,Safeway Fuel
-122.636961997855,47.7372367998805,Safeway Fuel
-122.353883755578,47.096043373618,Safeway Fuel Center
-122.1675556,47.35801395,Safeway Fuel Sation
-122.937844726564,46.1370646674545,Safeway Fuel Station
-122.296765349401,47.0534000999894,Safeway Fuel Station
-122.356735650845,47.1522159569999,Safeway Fuel Station
-122.019940644669,47.3592836999678,Safeway Fuel Station
-122.824382863529,47.4536756999238,Safeway Fuel Station
-122.9616142,46.1478745,Safeway Fuel Station
-122.28966279994,47.5695809000543,Safeway Fuel Station
-121.979438506766,47.1990443975728,Safeway Fuel Station
-122.208728931908,47.0995760499258,Safeway Fuel Station
-122.334307642164,47.4888906983919,Safeway Gas
-122.245698374669,47.3809685502739,Safeway Gas
-122.64632285,48.3928025,Seabolt's at Deception Pass Gas
-124.05515895,46.33255115,Seaview One Stop
-124.055305775217,46.3312042405395,Seaview Shell Station
-122.202629075201,47.3873081532415,Shell
-122.197349654753,47.4418200643532,Shell
-122.356549576694,47.2391243026061,Shell
-122.242239687549,47.3772736854594,Shell
-122.221860019064,47.3205129432525,Shell
-122.2260945,47.305348,Shell
-122.537435850367,47.2205400999887,Shell
-122.4937579,47.23213285,Shell
-122.227657575044,47.3967458995536,Shell
-122.227488975045,47.3999532496973,Shell
-122.366243322212,47.6253830466209,Shell
-122.299327403602,47.7117909497221,Shell
-122.293399656424,47.7232226498337,Shell
-122.3611565,47.65566785,Shell
-122.258204653658,47.4869937998934,Shell
-122.294296370071,47.2525911243824,Shell
-122.173183950047,47.6795928999865,Shell
-122.0076725,47.63834075,Shell
-122.293224877525,47.1989112893557,Shell
-122.495771319957,48.7742226497548,Shell
-122.434418900479,47.2232911500066,Shell
-122.434684250442,47.1596518999971,Shell
-122.295350612922,47.3945341118056,Shell
-122.202461547007,47.4887390500864,Shell
-122.396878,47.2362401,Shell
-122.404960195309,47.1625339000719,Shell
-122.216513955447,47.4794469498897,Shell
-122.310124742687,47.5944640997201,Shell
-122.0385975,47.40725965,Shell
-122.317741825502,47.6833425492829,Shell
-122.31404827505,47.2900211503336,Shell
-122.3109846,47.35818015,Shell
-122.293253023692,47.1888392073308,Shell
-122.462659709698,47.2468464998732,Shell
-122.463426975416,47.2079845505181,Shell
-122.400358611186,47.6594146738633,Shell
-122.246813750192,47.3869493999971,Shell
-122.309823946091,47.6155483482773,Shell
-122.377076874905,47.6793570506313,Shell
-122.31259255,47.3361825,Shell
-119.183478574959,46.2710754001643,Shell
-122.932176002276,46.1419015805052,Shell
-122.93291425,46.14654255,Shell
-122.642961575607,48.3062072501811,Shell
-122.938858594238,46.1321204503932,Shell
-122.900180998196,46.2857972499277,Shell
-122.357891745424,46.9477696495866,Shell
-122.061862104961,47.5455117000278,Shell
-122.34413745,47.61875855,Shell
-122.366338094898,47.6908406495591,Shell
-122.50536725,45.59706335,Shell
-122.32579215,47.54656575,Shell
-122.380988936054,47.5613423501093,Shell
-122.557539650487,45.6429542000153,Shell
-122.598760677877,45.6453111997316,Shell
-122.532113817604,45.6720646497838,Shell
-122.57677845,45.6578361,Shell
-122.54651575,45.7804897,Shell
-122.700926,45.85280155,Shell
-122.740521200842,45.9073308500087,Shell
-122.7394124,45.9084292,Shell
-122.8272140994,45.9845775502026,Shell
-120.413908810224,46.9750835140028,Shell
-122.931294193204,46.1249128505031,Shell
-121.784179721386,47.4938310533544,Shell
-121.96607695,47.85860065,Shell
-122.15356035,47.16769505,Shell
-122.467179154775,47.1815162001902,Shell
-122.19163585,47.28854795,Shell
-122.24094917537,47.296179600462,Shell
-122.17596175,47.3227824000032,Shell
-122.255356149862,47.4117821499399,Shell
-122.325128870855,47.4078695504114,Shell
-122.334044125072,47.4421022505594,Shell
-122.19980055,47.5186392,Shell
-122.3004845,47.6828162,Shell
-122.65243985,48.3764272,Soundview Shopper
-121.9894275,47.227912,Stop-n-Shop
-122.9637495,46.1647176,Stop & Save
-122.298521629958,47.408572150858,Sun Mart
-122.470640725781,48.7346089506792,Super V Gas
-122.631945346084,45.6748759995679,Tarr
-122.336016901306,48.4288280000188,Tesoro
-119.0953124,46.2390114,Tesoro Gas
-119.434120357935,48.9414975985536,Texaco
-122.313924601121,47.8229872267722,Texaco
-122.534281188889,45.6721281999093,Texaco
-122.63340615,45.6372958,Texaco
-122.910191306555,46.1471333496961,Texaco
-122.975829686907,46.1313758496465,Texaco
-122.9540022,46.65406045,Texaco
-122.13642045,47.62841835,Texaco
-124.04989387518,46.4909365504507,Texaco
-122.6498847,47.6580811,Texaco - Central Valley
-118.389017949472,46.045487200006,The Express
-120.320488,46.3753459,Topp Stop Texaco
-121.715578962949,47.4680911639956,Twin Peaks Food & Gas
-122.294317852876,47.2502965698112,Union 76
-122.264614403976,49.0012874544173,USA Gasoline
-122.4593996,47.19135235,Valero
-122.51603665,47.29101575,Valero
-122.503883465035,45.6214125020401,Valero
-122.65304250127,45.6991561002111,Valero
-122.922598321362,46.1344844997359,Valero
-122.2288592,47.3045470946599,Valero
-122.59063815,45.65851765,Vancouver Mall Chevron
-122.522841824879,45.6715913495338,Walmart
-122.2455966,47.30182985,Walmart Fuel Station
-122.910248443284,48.52116745,Weeks Garage
-120.3205486,46.37483215,Western Gas
-122.459862582191,47.43061706889,Williams Heating
-122.460097479225,47.4307761882495,Williams Heating
-122.460182375343,47.430756950403,Williams Heating
-122.459988502385,47.4308016428878,Williams Heating
-122.30405725,47.55983955,
-122.360723568546,47.5382194423341,
-117.105258253852,47.6714420499326,
-122.181104599246,47.6795415999795,
-122.30360035,47.36827765,
-117.43598452481,47.6796062497897,
-122.429241535393,47.0787905881458,
-122.588008025384,45.6589280026667,
-117.410613728138,47.6731361474392,
-117.35250145658,47.7875438501127,
-122.543626724891,45.7814457004344,
-122.512318468987,45.8889402504149,
-122.879510773502,46.306380821074,
-117.506753694228,47.6207591972102,
-117.507277679013,47.6206813500611,
-117.3498114,47.91468055,
-122.732775250547,46.3245936496586,
-123.885434074626,46.9825278494665,
-122.291784303662,47.7915160534242,
-117.177793718468,46.7292562645923,
-119.132499745078,46.2418501501203,
-119.184517158717,46.2709007501332,
-117.682274091844,47.573091251261,
-117.543099290117,47.7719506003438,
-122.5603526,45.66312365,
-122.653743574285,45.6787991492486,
-122.410118675152,45.8676551507587,
-122.379430875311,45.9280909005658,
-122.451667249669,45.9102603999888,
-121.388615639708,46.6394918056846,
-122.94250895,46.1146752,
-122.94312985,46.11493005,
-122.942463674669,46.1155680992637,
-122.945527632732,46.1214672001499,
-122.9242063,46.1459728,
-122.974793557666,46.1307203997416,
-123.011320398635,46.8019080344912,
-120.150814832594,47.8830600999159,
-122.868326480192,47.045691948297,
-122.496303662363,47.2555381497811,
-122.496497475523,47.2707484493467,
-122.3287395,47.44432785,
-122.312070361383,47.4882587998696,
-122.180220558111,47.5000055497315,
-122.270798272515,47.5379570502662,
-122.272003384597,47.5409734496769,
-122.387058425016,47.5682152496766,
-122.1017896,47.6741165,
-122.651815658066,47.5658452484436,
-122.516998,47.6361596,
-122.207292974274,47.8091405994819,
-122.23686233651,47.8236825007269,
-122.210278723601,47.9629822503719,
-122.6597309,48.28609745,
-122.65955335,48.28664035,
-122.264667226372,48.9985446504471,
-122.5076043,48.7603537,24 Hour Fuel Express
-122.22098052445,47.8499072785427,76
-122.296138230725,47.4341637719623,76
-117.593992119688,47.5617997310612,76
-124.156869162209,47.0444068213947,76
-122.17741077329,48.0616687665477,76
-120.334955224248,47.46686467787,76
-122.294315230524,47.0991181982366,76
-122.46000662645,47.4332226468102,76
-123.09982105,47.2130885,76
-122.211170933342,47.7586963998058,76
-122.291885747519,47.8180978133068,76
-122.18255055,48.14886195,76
-122.198834305393,48.1883778395483,76
-122.0858869,47.91393865,76 Gas
-122.167221913063,48.0513691,76 Gas Station
-120.5308952,46.6557737,7-Eleven
-123.713320589197,46.9719230601383,7-Eleven Fuel station
-122.199540551973,48.18765640001,A1 Gas & Food
-122.5418927,47.42189175,Al's
-123.127223,47.2317401,Arco
-122.251602553453,47.8960716557707,Arco
-122.199568229105,48.1883989497813,Arco
-122.374696767961,48.2412713778787,Arco
-122.54412301851,48.816504401626,ARCO
-117.241677525278,47.1284332005563,Bush
-122.906039925217,46.392374050089,Cee Gees Truck Stop
-122.90507374629,46.9835611313132,Cheveron
-122.905060250405,46.9837553902358,Cheveron
-122.292895732972,47.0989546035425,Chevron
-122.748642454717,48.9501667499652,Chevron
-122.733587450244,48.9945283499994,Chevron
-122.471253624404,48.7448076336213,Chevron
-122.4348997,47.2387251,Chevron
-122.751408263571,48.9954656496533,Chevron
-122.3396259,47.6616113,Chevron
-119.303142154626,46.2488221496536,Chevron
-122.18672205,47.2512988,Chevron
-122.822759497752,46.5438134499248,Chevron
-122.3351618,48.46031575,Chevron
-122.48767992446,48.7555527529465,Chevron
-123.601771764235,46.9766500908491,Chevron
-123.743388860191,46.9727080823996,Chevron
-123.12425245,47.2312034,Chevron
-122.309502944803,47.7749606381072,Chevron
-122.28110935,47.8644383,Chevron
-124.108269510175,46.9021017994416,Chevron
-122.518478101354,48.4570883140085,Chevron
-117.16447045,46.72144515,Chevron Station #356447
-122.760532778229,45.921074266241,Commercial Fueling Network
-119.11518865,46.2416968,Conoco
-120.475639419338,46.5543158,Conoco
-120.616629221779,46.5824391857597,Conoco
-120.315585448535,47.4253026087392,ConocoPhilips
-122.18906755,48.14725325,Costco Gasoline
-122.32989914997,47.5624993,Costco Gasoline
-119.236964094422,46.2255324999582,Costco Gasoline
-119.121364175627,46.2563428000531,Exxon
-120.58688352306,47.0053363030822,"Flying ""B"" 76"
-122.295302962109,47.0996013859883,Fred Meyer Fuel
-122.4631942,48.7446069,Fred Meyer Gas Station
-122.7097379,47.5965444,Hank's
-117.239492209407,47.6554850000366,Indie Food Mart and Fuel
-122.176523945957,48.0687406969236,K
-122.31923274855,48.4066368500341,Little Mountain Grocery
-122.292176912683,47.6266687843308,Madison Park Shell
-122.469906,48.753613,Market Fuel
-119.320053591489,46.254232200034,Maverik
-117.563731624799,47.5067461999517,Maverik
-122.685784700187,48.2118733999965,Mobil
-119.112158438176,46.4602647501934,Mr. Quicks
-122.6299608,48.28559535,NEX Fuel Station
-122.63066575,48.28551025,NEX Fuel Station
-122.630378792852,48.2855317499305,NEX Fuel Station
-122.506974510194,48.760704299671,Pacific Pride
-119.124879509697,46.2417570966964,Perro USA
-122.571985772233,48.8495673146885,Pilot Travel Center
-122.173111205005,48.0824355770539,Quik-Stop
-117.132058924745,47.4501353623245,Rockford Mini Mart
-121.875407263081,47.5278065501642,Safeway Gas
-119.224325749991,46.2299453180995,Shell
-122.292122974258,47.6265330845749,Shell
-123.794819009342,46.3771459767186,Shell
-119.307626,46.257766,Shell
-123.808047928266,46.9768153072481,Shell
-122.666190390281,48.9349475484992,Shell
-122.28640935,47.56389565,Shell
-122.332309918526,47.7992487848504,Shell
-122.2108171,48.1524564160488,Shell
-119.084560078371,46.262389701813,Shell
-120.474816470852,46.5570476862384,Shell
-122.293955496794,47.110749363039,Shell
-122.38513955,47.2434319,Shell
-123.12665485,47.2296,Shell
-122.174772528802,48.1003594925094,Shell
-122.336180979448,48.4720419318782,Shell
-122.290250409833,47.6977350293337,Spirit
-122.176548023546,48.0583791879831,State Street Econogas
-120.699734536499,46.7282732559965,Sunmart
-122.198003183978,48.1875994053034,Tesoro
-118.34630775,46.05796775,Texaco
-121.9861122,47.7396012,Texaco
-123.122497739554,47.2243069497481,Texaco
-118.34978735,46.0640803,Union 76
-122.318057799403,47.6610692500042,University Chevron
-122.187029816708,48.0776645356912,USA Gasoline
-122.256807842465,47.8904331762112,Valero
-122.675895646011,47.5585849499343,West Hills 76
-122.733813829908,48.990277611917,Yorky's Market
-117.56535,47.50505695,
-121.986317372979,47.7421544970119,
-124.154681467225,47.0430939458645,
-122.82041375,47.45405515,
-117.565194144179,47.5016051021959,
-122.526903622273,45.6175339421029,
-122.361235122143,47.9799987002918,
-118.34790913259,46.0618454498744,
-117.35736855,47.71510825,
-117.589428133323,47.4795519872098,
-122.523070617674,45.6172508284685,
-120.334906125983,47.468318485521,
-121.971167285156,47.8590924582467,
-122.10332819134,47.3399853546894,
-123.737639483847,46.6811904758352,
-123.451651743316,48.1256647359983,
-117.16865250865,46.7266336499389,
-117.16898805,46.7267667,
-119.0124336,46.2035093,
-119.012318775102,46.2045712501354,
-119.01267675,46.2047764,
-119.079828109844,46.2337051998511,
-119.0808621,46.2334724,
-119.100598906757,46.226988300119,
-119.101165384275,46.2286791002059,
-119.084340454119,46.2428455502208,
-119.7900085,46.21971995,
-119.185895073782,46.2774188501144,
-119.487958179667,46.2621415406765,
-117.152509568507,47.6670757470396,
-121.526485502062,45.9966838003604,
-120.518760871451,46.5988785958329,
-120.51877336531,46.5991044225277,
-123.013796391292,46.7854724470284,
-123.013747841088,46.7855745936821,
-123.013746407447,46.7856481935195,
-123.0248074,46.8091713,
-123.055394,46.8053252,
-123.05545927622,46.8053241459375,
-123.055067674946,46.8064931510727,
-123.0551014,46.8064937,
-123.055151100472,46.8064941000199,
-123.055201499522,46.8064941999796,
-123.064464306799,46.805428153592,
-123.06266945,46.80671315,
-122.668668869092,47.0017961498665,
-123.141611206858,47.4048125998036,
-122.344841857256,47.7417990500563,
-122.708806186022,47.5964631936097,
-122.21515360952,47.8747669495938,
-122.36701506921,47.7835257416252,
-122.2113123249,47.8786355998,
-122.201754949672,47.9900658000039,
-122.258349888117,47.8903156579078,
-124.020979478638,46.7242519142637,
-124.106692294327,46.9001716767812,
-122.1278465,48.19845955,
-122.344544599502,48.5561919499837,
-122.475198612195,48.7474358498797,
-122.463929704024,48.7554107669059,
-122.4701027,48.753535,
